41276,0.17
41277,0.17
41278,0.16
41279,0.16
41280,0.16
41281,0.16
41282,0.15
41283,0.14
41284,0.14
41285,0.14
41286,0.14
41287,0.14
41288,0.14
41289,0.15
41290,0.14
41291,0.14
41292,0.14
41293,0.14
41294,0.14
41295,0.14
41296,0.14
41297,0.13
41298,0.15
41299,0.14
41300,0.14
41301,0.14
41302,0.14
41303,0.12
41304,0.12
41305,0.15
41306,0.14
41307,0.14
41308,0.14
41309,0.13
41310,0.13
41311,0.13
41312,0.13
41313,0.14
41314,0.14
41315,0.14
41316,0.14
41317,0.13
41318,0.14
41319,0.14
41320,0.16
41321,0.16
41322,0.16
41323,0.16
41324,0.15
41325,0.15
41326,0.16
41327,0.16
41328,0.16
41329,0.16
41330,0.15
41331,0.14
41332,0.14
41333,0.14
41334,0.14
41335,0.14
41336,0.14
41337,0.16
41338,0.15
41339,0.15
41340,0.16
41341,0.15
41342,0.15
41343,0.15
41344,0.16
41345,0.15
41346,0.14
41347,0.15
41348,0.16
41349,0.16
41350,0.16
41351,0.16
41352,0.15
41353,0.15
41354,0.16
41355,0.15
41356,0.15
41357,0.15
41358,0.15
41359,0.14
41360,0.12
41361,0.13
41362,0.09
41363,0.09
41364,0.09
41365,0.16
41366,0.15
41367,0.14
41368,0.14
41369,0.15
41370,0.15
41371,0.15
41372,0.15
41373,0.15
41374,0.15
41375,0.15
41376,0.15
41377,0.15
41378,0.15
41379,0.15
41380,0.15
41381,0.15
41382,0.15
41383,0.15
41384,0.15
41385,0.15
41386,0.15
41387,0.14
41388,0.13
41389,0.13
41390,0.13
41391,0.13
41392,0.13
41393,0.13
41394,0.14
41395,0.14
41396,0.15
41397,0.14
41398,0.14
41399,0.14
41400,0.14
41401,0.12
41402,0.12
41403,0.12
41404,0.12
41405,0.12
41406,0.12
41407,0.12
41408,0.11
41409,0.12
41410,0.11
41411,0.1
41412,0.1
41413,0.1
41414,0.1
41415,0.09
41416,0.08
41417,0.08
41418,0.09
41419,0.09
41420,0.09
41421,0.09
41422,0.09
41423,0.08
41424,0.08
41425,0.09
41426,0.09
41427,0.09
41428,0.1
41429,0.11
41430,0.09
41431,0.1
41432,0.09
41433,0.09
41434,0.09
41435,0.09
41436,0.09
41437,0.08
41438,0.09
41439,0.1
41440,0.1
41441,0.1
41442,0.11
41443,0.12
41444,0.1
41445,0.1
41446,0.1
41447,0.1
41448,0.1
41449,0.1
41450,0.09
41451,0.09
41452,0.09
41453,0.07
41454,0.07
41455,0.07
41456,0.1
41457,0.1
41458,0.1
41459,0.1
41460,0.1
41461,0.1
41462,0.1
41463,0.1
41464,0.1
41465,0.09
41466,0.09
41467,0.09
41468,0.09
41469,0.09
41470,0.09
41471,0.09
41472,0.09
41473,0.09
41474,0.09
41475,0.09
41476,0.09
41477,0.09
41478,0.09
41479,0.09
41480,0.09
41481,0.09
41482,0.09
41483,0.09
41484,0.08
41485,0.09
41486,0.09
41487,0.08
41488,0.09
41489,0.09
41490,0.09
41491,0.08
41492,0.09
41493,0.09
41494,0.09
41495,0.08
41496,0.08
41497,0.08
41498,0.08
41499,0.08
41500,0.09
41501,0.08
41502,0.09
41503,0.09
41504,0.09
41505,0.09
41506,0.09
41507,0.08
41508,0.09
41509,0.08
41510,0.08
41511,0.08
41512,0.08
41513,0.07
41514,0.07
41515,0.08
41516,0.07
41517,0.07
41518,0.07
41519,0.07
41520,0.09
41521,0.08
41522,0.08
41523,0.08
41524,0.08
41525,0.08
41526,0.08
41527,0.08
41528,0.08
41529,0.08
41530,0.08
41531,0.08
41532,0.08
41533,0.08
41534,0.08
41535,0.08
41536,0.09
41537,0.08
41538,0.08
41539,0.08
41540,0.09
41541,0.09
41542,0.08
41543,0.08
41544,0.08
41545,0.08
41546,0.08
41547,0.06
41548,0.08
41549,0.07
41550,0.08
41551,0.08
41552,0.08
41553,0.08
41554,0.08
41555,0.08
41556,0.09
41557,0.09
41558,0.1
41559,0.1
41560,0.1
41561,0.1
41562,0.1
41563,0.11
41564,0.1
41565,0.1
41566,0.1
41567,0.1
41568,0.09
41569,0.08
41570,0.08
41571,0.08
41572,0.08
41573,0.08
41574,0.08
41575,0.08
41576,0.08
41577,0.08
41578,0.07
41579,0.08
41580,0.08
41581,0.08
41582,0.08
41583,0.08
41584,0.08
41585,0.08
41586,0.08
41587,0.08
41588,0.08
41589,0.08
41590,0.08
41591,0.08
41592,0.09
41593,0.09
41594,0.09
41595,0.09
41596,0.09
41597,0.09
41598,0.09
41599,0.09
41600,0.09
41601,0.09
41602,0.09
41603,0.09
41604,0.09
41605,0.09
41606,0.09
41607,0.07
41608,0.07
41609,0.07
41610,0.09
41611,0.09
41612,0.09
41613,0.09
41614,0.09
41615,0.09
41616,0.09
41617,0.09
41618,0.09
41619,0.08
41620,0.09
41621,0.08
41622,0.08
41623,0.08
41624,0.09
41625,0.09
41626,0.09
41627,0.09
41628,0.09
41629,0.09
41630,0.09
41631,0.09
41632,0.08
41633,0.08
41634,0.08
41635,0.08
41636,0.08
41637,0.08
41638,0.08
41639,0.07
41640,0.07
41641,0.08
41642,0.08
41643,0.08
41644,0.08
41645,0.08
41646,0.07
41647,0.07
41648,0.07
41649,0.07
41650,0.07
41651,0.07
41652,0.07
41653,0.07
41654,0.07
41655,0.07
41656,0.07
41657,0.07
41658,0.07
41659,0.07
41660,0.07
41661,0.07
41662,0.07
41663,0.07
41664,0.07
41665,0.07
41666,0.07
41667,0.07
41668,0.07
41669,0.07
41670,0.07
41671,0.07
41672,0.07
41673,0.07
41674,0.07
41675,0.07
41676,0.07
41677,0.06
41678,0.06
41679,0.06
41680,0.07
41681,0.06
41682,0.07
41683,0.06
41684,0.06
41685,0.06
41686,0.06
41687,0.06
41688,0.07
41689,0.07
41690,0.07
41691,0.07
41692,0.07
41693,0.07
41694,0.07
41695,0.07
41696,0.07
41697,0.07
41698,0.06
41699,0.06
41700,0.06
41701,0.07
41702,0.07
41703,0.08
41704,0.08
41705,0.08
41706,0.08
41707,0.08
41708,0.08
41709,0.08
41710,0.08
41711,0.08
41712,0.08
41713,0.08
41714,0.08
41715,0.08
41716,0.08
41717,0.08
41718,0.08
41719,0.08
41720,0.08
41721,0.08
41722,0.09
41723,0.09
41724,0.08
41725,0.08
41726,0.08
41727,0.08
41728,0.08
41729,0.06
41730,0.08
41731,0.09
41732,0.08
41733,0.08
41734,0.08
41735,0.08
41736,0.09
41737,0.08
41738,0.08
41739,0.08
41740,0.09
41741,0.09
41742,0.09
41743,0.09
41744,0.1
41745,0.09
41746,0.09
41747,0.1
41748,0.1
41749,0.1
41750,0.1
41751,0.1
41752,0.1
41753,0.1
41754,0.09
41755,0.09
41756,0.09
41757,0.09
41758,0.1
41759,0.09
41760,0.09
41761,0.09
41762,0.09
41763,0.09
41764,0.09
41765,0.09
41766,0.08
41767,0.08
41768,0.08
41769,0.08
41770,0.08
41771,0.08
41772,0.09
41773,0.08
41774,0.09
41775,0.09
41776,0.09
41777,0.09
41778,0.09
41779,0.09
41780,0.09
41781,0.09
41782,0.09
41783,0.09
41784,0.09
41785,0.09
41786,0.09
41787,0.09
41788,0.09
41789,0.08
41790,0.08
41791,0.08
41792,0.09
41793,0.1
41794,0.09
41795,0.09
41796,0.09
41797,0.09
41798,0.09
41799,0.09
41800,0.09
41801,0.09
41802,0.09
41803,0.1
41804,0.1
41805,0.1
41806,0.1
41807,0.1
41808,0.1
41809,0.1
41810,0.1
41811,0.1
41812,0.1
41813,0.1
41814,0.1
41815,0.1
41816,0.1
41817,0.1
41818,0.1
41819,0.1
41820,0.09
41821,0.1
41822,0.1
41823,0.09
41824,0.09
41825,0.09
41826,0.09
41827,0.1
41828,0.09
41829,0.09
41830,0.09
41831,0.09
41832,0.09
41833,0.09
41834,0.09
41835,0.09
41836,0.09
41837,0.09
41838,0.09
41839,0.09
41840,0.09
41841,0.1
41842,0.09
41843,0.09
41844,0.09
41845,0.09
41846,0.09
41847,0.09
41848,0.09
41849,0.09
41850,0.09
41851,0.08
41852,0.09
41853,0.09
41854,0.09
41855,0.09
41856,0.09
41857,0.09
41858,0.09
41859,0.09
41860,0.09
41861,0.09
41862,0.09
41863,0.09
41864,0.09
41865,0.09
41866,0.09
41867,0.09
41868,0.09
41869,0.09
41870,0.09
41871,0.09
41872,0.09
41873,0.09
41874,0.09
41875,0.09
41876,0.09
41877,0.09
41878,0.09
41879,0.09
41880,0.07
41881,0.07
41882,0.07
41883,0.07
41884,0.09
41885,0.09
41886,0.09
41887,0.09
41888,0.09
41889,0.09
41890,0.09
41891,0.09
41892,0.09
41893,0.09
41894,0.09
41895,0.09
41896,0.09
41897,0.09
41898,0.09
41899,0.09
41900,0.09
41901,0.09
41902,0.09
41903,0.09
41904,0.09
41905,0.09
41906,0.09
41907,0.09
41908,0.09
41909,0.09
41910,0.09
41911,0.08
41912,0.07
41913,0.09
41914,0.09
41915,0.09
41916,0.09
41917,0.09
41918,0.09
41919,0.09
41920,0.09
41921,0.08
41922,0.09
41923,0.09
41924,0.09
41925,0.09
41926,0.09
41927,0.09
41928,0.09
41929,0.09
41930,0.09
41931,0.09
41932,0.09
41933,0.09
41934,0.09
41935,0.09
41936,0.09
41937,0.09
41938,0.09
41939,0.09
41940,0.09
41941,0.09
41942,0.09
41943,0.07
41944,0.07
41945,0.07
41946,0.09
41947,0.1
41948,0.09
41949,0.09
41950,0.09
41951,0.09
41952,0.09
41953,0.09
41954,0.09
41955,0.09
41956,0.09
41957,0.09
41958,0.09
41959,0.09
41960,0.1
41961,0.11
41962,0.1
41963,0.1
41964,0.1
41965,0.1
41966,0.1
41967,0.1
41968,0.1
41969,0.1
41970,0.1
41971,0.08
41972,0.08
41973,0.08
41974,0.13
41975,0.12
41976,0.12
41977,0.12
41978,0.12
41979,0.12
41980,0.12
41981,0.12
41982,0.12
41983,0.12
41984,0.12
41985,0.12
41986,0.12
41987,0.12
41988,0.11
41989,0.12
41990,0.13
41991,0.13
41992,0.13
41993,0.13
41994,0.13
41995,0.13
41996,0.13
41997,0.13
41998,0.13
41999,0.13
42000,0.13
42001,0.13
42002,0.13
42003,0.13
42004,0.06
42005,0.06
42006,0.12
42007,0.12
42008,0.12
42009,0.12
42010,0.12
42011,0.12
42012,0.12
42013,0.12
42014,0.12
42015,0.12
42016,0.12
42017,0.12
42018,0.12
42019,0.12
42020,0.13
42021,0.13
42022,0.13
42023,0.13
42024,0.12
42025,0.12
42026,0.12
42027,0.12
42028,0.12
42029,0.12
42030,0.12
42031,0.11
42032,0.12
42033,0.11
42034,0.06
42035,0.06
42036,0.06
42037,0.12
42038,0.12
42039,0.11
42040,0.12
42041,0.11
42042,0.11
42043,0.11
42044,0.12
42045,0.12
42046,0.12
42047,0.12
42048,0.12
42049,0.12
42050,0.12
42051,0.12
42052,0.12
42053,0.12
42054,0.12
42055,0.12
42056,0.12
42057,0.12
42058,0.11
42059,0.11
42060,0.11
42061,0.11
42062,0.06
42063,0.06
42064,0.06
42065,0.12
42066,0.12
42067,0.11
42068,0.11
42069,0.12
42070,0.12
42071,0.12
42072,0.12
42073,0.12
42074,0.11
42075,0.11
42076,0.11
42077,0.11
42078,0.11
42079,0.12
42080,0.12
42081,0.11
42082,0.12
42083,0.12
42084,0.12
42085,0.12
42086,0.12
42087,0.11
42088,0.12
42089,0.11
42090,0.12
42091,0.12
42092,0.12
42093,0.12
42094,0.06
42095,0.12
42096,0.12
42097,0.12
42098,0.12
42099,0.12
42100,0.13
42101,0.12
42102,0.12
42103,0.12
42104,0.12
42105,0.12
42106,0.12
42107,0.13
42108,0.13
42109,0.13
42110,0.13
42111,0.13
42112,0.13
42113,0.13
42114,0.13
42115,0.13
42116,0.13
42117,0.13
42118,0.13
42119,0.13
42120,0.13
42121,0.13
42122,0.13
42123,0.13
42124,0.08
42125,0.13
42126,0.13
42127,0.13
42128,0.13
42129,0.13
42130,0.13
42131,0.13
42132,0.13
42133,0.13
42134,0.13
42135,0.13
42136,0.13
42137,0.13
42138,0.13
42139,0.13
42140,0.13
42141,0.13
42142,0.13
42143,0.12
42144,0.12
42145,0.12
42146,0.13
42147,0.13
42148,0.13
42149,0.13
42150,0.12
42151,0.12
42152,0.12
42153,0.08
42154,0.08
42155,0.08
42156,0.12
42157,0.12
42158,0.13
42159,0.13
42160,0.13
42161,0.13
42162,0.13
42163,0.13
42164,0.13
42165,0.13
42166,0.13
42167,0.13
42168,0.13
42169,0.13
42170,0.13
42171,0.14
42172,0.14
42173,0.14
42174,0.13
42175,0.13
42176,0.13
42177,0.13
42178,0.13
42179,0.13
42180,0.13
42181,0.13
42182,0.13
42183,0.13
42184,0.14
42185,0.08
42186,0.13
42187,0.13
42188,0.13
42189,0.13
42190,0.13
42191,0.13
42192,0.13
42193,0.13
42194,0.13
42195,0.13
42196,0.13
42197,0.13
42198,0.13
42199,0.13
42200,0.13
42201,0.14
42202,0.13
42203,0.13
42204,0.13
42205,0.14
42206,0.13
42207,0.13
42208,0.13
42209,0.13
42210,0.13
42211,0.13
42212,0.14
42213,0.14
42214,0.14
42215,0.14
42216,0.08
42217,0.08
42218,0.08
42219,0.14
42220,0.14
42221,0.14
42222,0.14
42223,0.14
42224,0.14
42225,0.14
42226,0.14
42227,0.15
42228,0.15
42229,0.15
42230,0.14
42231,0.14
42232,0.14
42233,0.15
42234,0.15
42235,0.15
42236,0.15
42237,0.15
42238,0.15
42239,0.15
42240,0.15
42241,0.15
42242,0.14
42243,0.14
42244,0.14
42245,0.14
42246,0.14
42247,0.08
42248,0.14
42249,0.14
42250,0.14
42251,0.14
42252,0.14
42253,0.14
42254,0.14
42255,0.14
42256,0.14
42257,0.14
42258,0.14
42259,0.14
42260,0.14
42261,0.14
42262,0.14
42263,0.14
42264,0.14
42265,0.14
42266,0.14
42267,0.14
42268,0.14
42269,0.14
42270,0.14
42271,0.14
42272,0.13
42273,0.13
42274,0.13
42275,0.13
42276,0.13
42277,0.07
42278,0.13
42279,0.13
42280,0.13
42281,0.13
42282,0.13
42283,0.13
42284,0.13
42285,0.13
42286,0.13
42287,0.13
42288,0.13
42289,0.13
42290,0.13
42291,0.13
42292,0.13
42293,0.13
42294,0.13
42295,0.13
42296,0.13
42297,0.13
42298,0.13
42299,0.12
42300,0.12
42301,0.12
42302,0.12
42303,0.12
42304,0.12
42305,0.12
42306,0.12
42307,0.07
42308,0.07
42309,0.07
42310,0.12
42311,0.12
42312,0.12
42313,0.12
42314,0.12
42315,0.12
42316,0.12
42317,0.12
42318,0.12
42319,0.12
42320,0.12
42321,0.12
42322,0.12
42323,0.12
42324,0.13
42325,0.13
42326,0.12
42327,0.12
42328,0.12
42329,0.12
42330,0.12
42331,0.12
42332,0.12
42333,0.12
42334,0.12
42335,0.12
42336,0.12
42337,0.12
42338,0.08
42339,0.13
42340,0.13
42341,0.13
42342,0.13
42343,0.13
42344,0.13
42345,0.13
42346,0.13
42347,0.14
42348,0.14
42349,0.14
42350,0.14
42351,0.14
42352,0.15
42353,0.15
42354,0.15
42355,0.37
42356,0.37
42357,0.37
42358,0.37
42359,0.36
42360,0.36
42361,0.36
42362,0.36
42363,0.36
42364,0.36
42365,0.36
42366,0.36
42367,0.36
42368,0.35
42369,0.2
42370,0.2
42371,0.2
42372,0.2
42373,0.36
42374,0.36
42375,0.36
42376,0.36
42377,0.36
42378,0.36
42379,0.36
42380,0.36
42381,0.36
42382,0.36
42383,0.36
42384,0.36
42385,0.36
42386,0.36
42387,0.36
42388,0.36
42389,0.37
42390,0.37
42391,0.38
42392,0.38
42393,0.38
42394,0.38
42395,0.38
42396,0.38
42397,0.38
42398,0.29
42399,0.29
42400,0.29
42401,0.38
42402,0.38
42403,0.38
42404,0.38
42405,0.38
42406,0.38
42407,0.38
42408,0.38
42409,0.38
42410,0.38
42411,0.38
42412,0.38
42413,0.38
42414,0.38
42415,0.38
42416,0.38
42417,0.37
42418,0.38
42419,0.38
42420,0.38
42421,0.38
42422,0.38
42423,0.38
42424,0.38
42425,0.37
42426,0.37
42427,0.37
42428,0.37
42429,0.29
42430,0.36
42431,0.37
42432,0.37
42433,0.36
42434,0.36
42435,0.36
42436,0.36
42437,0.36
42438,0.36
42439,0.36
42440,0.36
42441,0.36
42442,0.36
42443,0.36
42444,0.37
42445,0.37
42446,0.37
42447,0.37
42448,0.37
42449,0.37
42450,0.37
42451,0.37
42452,0.37
42453,0.37
42454,0.37
42455,0.37
42456,0.37
42457,0.37
42458,0.37
42459,0.37
42460,0.25
42461,0.37
42462,0.37
42463,0.37
42464,0.37
42465,0.37
42466,0.37
42467,0.37
42468,0.37
42469,0.37
42470,0.37
42471,0.37
42472,0.37
42473,0.37
42474,0.37
42475,0.37
42476,0.37
42477,0.37
42478,0.37
42479,0.37
42480,0.37
42481,0.37
42482,0.37
42483,0.37
42484,0.37
42485,0.37
42486,0.37
42487,0.37
42488,0.37
42489,0.3
42490,0.3
42491,0.3
42492,0.37
42493,0.37
42494,0.37
42495,0.37
42496,0.37
42497,0.37
42498,0.37
42499,0.37
42500,0.37
42501,0.37
42502,0.37
42503,0.37
42504,0.37
42505,0.37
42506,0.37
42507,0.37
42508,0.37
42509,0.37
42510,0.37
42511,0.37
42512,0.37
42513,0.37
42514,0.37
42515,0.37
42516,0.37
42517,0.37
42518,0.37
42519,0.37
42520,0.37
42521,0.29
42522,0.37
42523,0.37
42524,0.37
42525,0.37
42526,0.37
42527,0.37
42528,0.37
42529,0.37
42530,0.37
42531,0.37
42532,0.37
42533,0.37
42534,0.37
42535,0.37
42536,0.37
42537,0.38
42538,0.38
42539,0.38
42540,0.38
42541,0.38
42542,0.38
42543,0.38
42544,0.39
42545,0.4
42546,0.4
42547,0.4
42548,0.41
42549,0.41
42550,0.41
42551,0.3
42552,0.41
42553,0.41
42554,0.41
42555,0.41
42556,0.4
42557,0.4
42558,0.4
42559,0.4
42560,0.4
42561,0.4
42562,0.4
42563,0.4
42564,0.4
42565,0.4
42566,0.4
42567,0.4
42568,0.4
42569,0.4
42570,0.4
42571,0.4
42572,0.4
42573,0.4
42574,0.4
42575,0.4
42576,0.4
42577,0.4
42578,0.4
42579,0.4
42580,0.3
42581,0.3
42582,0.3
42583,0.4
42584,0.4
42585,0.4
42586,0.4
42587,0.4
42588,0.4
42589,0.4
42590,0.4
42591,0.4
42592,0.4
42593,0.4
42594,0.4
42595,0.4
42596,0.4
42597,0.4
42598,0.4
42599,0.4
42600,0.4
42601,0.4
42602,0.4
42603,0.4
42604,0.4
42605,0.4
42606,0.4
42607,0.4
42608,0.4
42609,0.4
42610,0.4
42611,0.4
42612,0.4
42613,0.3
42614,0.4
42615,0.4
42616,0.4
42617,0.4
42618,0.4
42619,0.4
42620,0.4
42621,0.4
42622,0.4
42623,0.4
42624,0.4
42625,0.4
42626,0.4
42627,0.4
42628,0.4
42629,0.4
42630,0.4
42631,0.4
42632,0.4
42633,0.4
42634,0.4
42635,0.4
42636,0.4
42637,0.4
42638,0.4
42639,0.4
42640,0.4
42641,0.4
42642,0.4
42643,0.29
42644,0.29
42645,0.29
42646,0.4
42647,0.4
42648,0.4
42649,0.4
42650,0.4
42651,0.4
42652,0.4
42653,0.4
42654,0.41
42655,0.41
42656,0.41
42657,0.41
42658,0.41
42659,0.41
42660,0.41
42661,0.41
42662,0.41
42663,0.41
42664,0.41
42665,0.41
42666,0.41
42667,0.41
42668,0.41
42669,0.41
42670,0.41
42671,0.41
42672,0.41
42673,0.41
42674,0.31
42675,0.41
42676,0.41
42677,0.41
42678,0.41
42679,0.41
42680,0.41
42681,0.41
42682,0.41
42683,0.41
42684,0.41
42685,0.41
42686,0.41
42687,0.41
42688,0.41
42689,0.41
42690,0.41
42691,0.41
42692,0.41
42693,0.41
42694,0.41
42695,0.41
42696,0.41
42697,0.41
42698,0.41
42699,0.41
42700,0.41
42701,0.41
42702,0.41
42703,0.41
42704,0.31
42705,0.41
42706,0.41
42707,0.41
42708,0.41
42709,0.41
42710,0.41
42711,0.41
42712,0.41
42713,0.41
42714,0.41
42715,0.41
42716,0.41
42717,0.41
42718,0.41
42719,0.66
42720,0.66
42721,0.66
42722,0.66
42723,0.66
42724,0.66
42725,0.66
42726,0.66
42727,0.66
42728,0.66
42729,0.66
42730,0.66
42731,0.66
42732,0.66
42733,0.66
42734,0.55
42735,0.55
42736,0.55
42737,0.55
42738,0.66
42739,0.66
42740,0.66
42741,0.66
42742,0.66
42743,0.66
42744,0.66
42745,0.66
42746,0.66
42747,0.66
42748,0.66
42749,0.66
42750,0.66
42751,0.66
42752,0.66
42753,0.66
42754,0.66
42755,0.66
42756,0.66
42757,0.66
42758,0.66
42759,0.66
42760,0.66
42761,0.66
42762,0.66
42763,0.66
42764,0.66
42765,0.66
42766,0.56
42767,0.66
42768,0.66
42769,0.66
42770,0.66
42771,0.66
42772,0.66
42773,0.66
42774,0.66
42775,0.66
42776,0.66
42777,0.66
42778,0.66
42779,0.66
42780,0.66
42781,0.66
42782,0.66
42783,0.66
42784,0.66
42785,0.66
42786,0.66
42787,0.66
42788,0.66
42789,0.66
42790,0.66
42791,0.66
42792,0.66
42793,0.66
42794,0.57
42795,0.66
42796,0.66
42797,0.66
42798,0.66
42799,0.66
42800,0.66
42801,0.66
42802,0.66
42803,0.66
42804,0.66
42805,0.66
42806,0.66
42807,0.66
42808,0.66
42809,0.66
42810,0.91
42811,0.91
42812,0.91
42813,0.91
42814,0.91
42815,0.91
42816,0.91
42817,0.91
42818,0.91
42819,0.91
42820,0.91
42821,0.91
42822,0.91
42823,0.91
42824,0.91
42825,0.82
42826,0.82
42827,0.82
42828,0.91
42829,0.91
42830,0.91
42831,0.91
42832,0.91
42833,0.91
42834,0.91
42835,0.91
42836,0.91
42837,0.91
42838,0.91
42839,0.91
42840,0.91
42841,0.91
42842,0.91
42843,0.91
42844,0.91
42845,0.91
42846,0.91
42847,0.91
42848,0.91
42849,0.91
42850,0.91
42851,0.91
42852,0.91
42853,0.83
42854,0.83
42855,0.83
42856,0.91
42857,0.91
42858,0.91
42859,0.91
42860,0.91
42861,0.91
42862,0.91
42863,0.91
42864,0.91
42865,0.91
42866,0.91
42867,0.91
42868,0.91
42869,0.91
42870,0.91
42871,0.91
42872,0.91
42873,0.91
42874,0.91
42875,0.91
42876,0.91
42877,0.91
42878,0.91
42879,0.91
42880,0.91
42881,0.91
42882,0.91
42883,0.91
42884,0.91
42885,0.91
42886,0.83
42887,0.91
42888,0.91
42889,0.91
42890,0.91
42891,0.91
42892,0.91
42893,0.91
42894,0.91
42895,0.91
42896,0.91
42897,0.91
42898,0.91
42899,0.91
42900,0.91
42901,1.16
42902,1.16
42903,1.16
42904,1.16
42905,1.16
42906,1.16
42907,1.16
42908,1.16
42909,1.16
42910,1.16
42911,1.16
42912,1.16
42913,1.16
42914,1.16
42915,1.16
42916,1.06
42917,1.06
42918,1.06
42919,1.16
42920,1.16
42921,1.16
42922,1.16
42923,1.16
42924,1.16
42925,1.16
42926,1.16
42927,1.16
42928,1.16
42929,1.16
42930,1.16
42931,1.16
42932,1.16
42933,1.16
42934,1.16
42935,1.16
42936,1.16
42937,1.16
42938,1.16
42939,1.16
42940,1.16
42941,1.16
42942,1.16
42943,1.16
42944,1.16
42945,1.16
42946,1.16
42947,1.07
42948,1.16
42949,1.16
42950,1.16
42951,1.16
42952,1.16
42953,1.16
42954,1.16
42955,1.16
42956,1.16
42957,1.16
42958,1.16
42959,1.16
42960,1.16
42961,1.16
42962,1.16
42963,1.16
42964,1.16
42965,1.16
42966,1.16
42967,1.16
42968,1.16
42969,1.16
42970,1.16
42971,1.16
42972,1.16
42973,1.16
42974,1.16
42975,1.16
42976,1.16
42977,1.16
42978,1.07
42979,1.16
42980,1.16
42981,1.16
42982,1.16
42983,1.16
42984,1.16
42985,1.16
42986,1.16
42987,1.16
42988,1.16
42989,1.16
42990,1.16
42991,1.16
42992,1.16
42993,1.16
42994,1.16
42995,1.16
42996,1.16
42997,1.16
42998,1.16
42999,1.16
43000,1.16
43001,1.16
43002,1.16
43003,1.16
43004,1.16
43005,1.16
43006,1.16
43007,1.06
43008,1.06
43009,1.06
43010,1.16
43011,1.16
43012,1.16
43013,1.16
43014,1.16
43015,1.16
43016,1.16
43017,1.16
43018,1.16
43019,1.16
43020,1.16
43021,1.16
43022,1.16
43023,1.16
43024,1.16
43025,1.16
43026,1.16
43027,1.16
43028,1.16
43029,1.16
43030,1.16
43031,1.16
43032,1.16
43033,1.16
43034,1.16
43035,1.16
43036,1.16
43037,1.16
43038,1.16
43039,1.07
43040,1.16
43041,1.16
43042,1.16
43043,1.16
43044,1.16
43045,1.16
43046,1.16
43047,1.16
43048,1.16
43049,1.16
43050,1.16
43051,1.16
43052,1.16
43053,1.16
43054,1.16
43055,1.16
43056,1.16
43057,1.16
43058,1.16
43059,1.16
43060,1.16
43061,1.16
43062,1.16
43063,1.16
43064,1.16
43065,1.16
43066,1.16
43067,1.16
43068,1.16
43069,1.07
43070,1.16
43071,1.16
43072,1.16
43073,1.16
43074,1.16
43075,1.16
43076,1.16
43077,1.16
43078,1.16
43079,1.16
43080,1.16
43081,1.17
43082,1.17
43083,1.41
43084,1.41
43085,1.41
43086,1.41
43087,1.42
43088,1.42
43089,1.42
43090,1.42
43091,1.42
43092,1.42
43093,1.42
43094,1.42
43095,1.42
43096,1.42
43097,1.42
43098,1.33
43099,1.33
43100,1.33
43101,1.33
43102,1.42
43103,1.42
43104,1.42
43105,1.42
43106,1.42
43107,1.42
43108,1.42
43109,1.42
43110,1.42
43111,1.42
43112,1.42
43113,1.42
43114,1.42
43115,1.42
43116,1.42
43117,1.42
43118,1.42
43119,1.42
43120,1.42
43121,1.42
43122,1.42
43123,1.42
43124,1.42
43125,1.42
43126,1.42
43127,1.42
43128,1.42
43129,1.42
43130,1.42
43131,1.34
43132,1.42
43133,1.42
43134,1.42
43135,1.42
43136,1.42
43137,1.42
43138,1.42
43139,1.42
43140,1.42
43141,1.42
43142,1.42
43143,1.42
43144,1.42
43145,1.42
43146,1.42
43147,1.42
43148,1.42
43149,1.42
43150,1.42
43151,1.42
43152,1.42
43153,1.42
43154,1.42
43155,1.42
43156,1.42
43157,1.42
43158,1.42
43159,1.35
43160,1.42
43161,1.42
43162,1.42
43163,1.42
43164,1.42
43165,1.42
43166,1.42
43167,1.42
43168,1.42
43169,1.42
43170,1.42
43171,1.42
43172,1.42
43173,1.42
43174,1.43
43175,1.43
43176,1.43
43177,1.43
43178,1.43
43179,1.44
43180,1.44
43181,1.68
43182,1.68
43183,1.68
43184,1.68
43185,1.68
43186,1.68
43187,1.68
43188,1.68
43189,1.67
43190,1.67
43191,1.67
43192,1.68
43193,1.69
43194,1.69
43195,1.69
43196,1.69
43197,1.69
43198,1.69
43199,1.69
43200,1.69
43201,1.69
43202,1.69
43203,1.69
43204,1.69
43205,1.69
43206,1.69
43207,1.69
43208,1.69
43209,1.69
43210,1.7
43211,1.7
43212,1.7
43213,1.7
43214,1.7
43215,1.7
43216,1.7
43217,1.7
43218,1.7
43219,1.7
43220,1.69
43221,1.7
43222,1.7
43223,1.7
43224,1.7
43225,1.7
43226,1.7
43227,1.7
43228,1.7
43229,1.7
43230,1.7
43231,1.7
43232,1.7
43233,1.7
43234,1.7
43235,1.7
43236,1.7
43237,1.7
43238,1.7
43239,1.7
43240,1.7
43241,1.7
43242,1.7
43243,1.7
43244,1.7
43245,1.7
43246,1.7
43247,1.7
43248,1.7
43249,1.7
43250,1.7
43251,1.7
43252,1.7
43253,1.7
43254,1.7
43255,1.7
43256,1.7
43257,1.7
43258,1.7
43259,1.7
43260,1.7
43261,1.7
43262,1.7
43263,1.7
43264,1.7
43265,1.9
43266,1.9
43267,1.9
43268,1.9
43269,1.9
43270,1.91
43271,1.92
43272,1.92
43273,1.92
43274,1.92
43275,1.92
43276,1.92
43277,1.92
43278,1.91
43279,1.91
43280,1.91
43281,1.91
43282,1.91
43283,1.91
43284,1.91
43285,1.91
43286,1.91
43287,1.91
43288,1.91
43289,1.91
43290,1.91
43291,1.91
43292,1.91
43293,1.91
43294,1.91
43295,1.91
43296,1.91
43297,1.91
43298,1.91
43299,1.91
43300,1.91
43301,1.91
43302,1.91
43303,1.91
43304,1.91
43305,1.91
43306,1.91
43307,1.91
43308,1.91
43309,1.91
43310,1.91
43311,1.91
43312,1.91
43313,1.91
43314,1.91
43315,1.91
43316,1.91
43317,1.91
43318,1.91
43319,1.91
43320,1.91
43321,1.91
43322,1.91
43323,1.91
43324,1.91
43325,1.91
43326,1.91
43327,1.91
43328,1.92
43329,1.92
43330,1.92
43331,1.92
43332,1.92
43333,1.92
43334,1.92
43335,1.92
43336,1.92
43337,1.92
43338,1.92
43339,1.92
43340,1.92
43341,1.92
43342,1.92
43343,1.91
43344,1.91
43345,1.91
43346,1.91
43347,1.92
43348,1.92
43349,1.92
43350,1.92
43351,1.92
43352,1.92
43353,1.92
43354,1.92
43355,1.92
43356,1.92
43357,1.92
43358,1.92
43359,1.92
43360,1.92
43361,1.92
43362,1.92
43363,1.92
43364,1.92
43365,1.92
43366,1.92
43367,1.93
43368,1.93
43369,1.93
43370,2.18
43371,2.18
43372,2.18
43373,2.18
43374,2.18
43375,2.18
43376,2.18
43377,2.18
43378,2.18
43379,2.18
43380,2.18
43381,2.18
43382,2.18
43383,2.18
43384,2.18
43385,2.18
43386,2.18
43387,2.18
43388,2.18
43389,2.18
43390,2.19
43391,2.19
43392,2.19
43393,2.19
43394,2.19
43395,2.19
43396,2.2
43397,2.2
43398,2.2
43399,2.2
43400,2.2
43401,2.2
43402,2.2
43403,2.2
43404,2.2
43405,2.2
43406,2.19
43407,2.19
43408,2.19
43409,2.2
43410,2.2
43411,2.2
43412,2.2
43413,2.19
43414,2.19
43415,2.19
43416,2.19
43417,2.2
43418,2.2
43419,2.2
43420,2.2
43421,2.2
43422,2.2
43423,2.2
43424,2.2
43425,2.2
43426,2.2
43427,2.2
43428,2.2
43429,2.2
43430,2.2
43431,2.2
43432,2.2
43433,2.2
43434,2.2
43435,2.2
43436,2.2
43437,2.19
43438,2.2
43439,2.2
43440,2.2
43441,2.19
43442,2.19
43443,2.19
43444,2.2
43445,2.19
43446,2.19
43447,2.19
43448,2.19
43449,2.19
43450,2.19
43451,2.2
43452,2.2
43453,2.2
43454,2.4
43455,2.4
43456,2.4
43457,2.4
43458,2.4
43459,2.4
43460,2.4
43461,2.4
43462,2.4
43463,2.4
43464,2.4
43465,2.4
43466,2.4
43467,2.4
43468,2.4
43469,2.4
43470,2.4
43471,2.4
43472,2.4
43473,2.4
43474,2.4
43475,2.4
43476,2.4
43477,2.4
43478,2.4
43479,2.4
43480,2.4
43481,2.4
43482,2.4
43483,2.4
43484,2.4
43485,2.4
43486,2.4
43487,2.4
43488,2.4
43489,2.4
43490,2.4
43491,2.4
43492,2.4
43493,2.4
43494,2.4
43495,2.4
43496,2.4
43497,2.4
43498,2.4
43499,2.4
43500,2.4
43501,2.4
43502,2.4
43503,2.4
43504,2.4
43505,2.4
43506,2.4
43507,2.4
43508,2.4
43509,2.4
43510,2.4
43511,2.4
43512,2.4
43513,2.4
43514,2.4
43515,2.4
43516,2.4
43517,2.4
43518,2.4
43519,2.4
43520,2.4
43521,2.4
43522,2.4
43523,2.4
43524,2.4
43525,2.4
43526,2.4
43527,2.4
43528,2.4
43529,2.4
43530,2.4
43531,2.4
43532,2.4
43533,2.4
43534,2.4
43535,2.4
43536,2.4
43537,2.4
43538,2.4
43539,2.4
43540,2.4
43541,2.4
43542,2.4
43543,2.4
43544,2.41
43545,2.41
43546,2.41
43547,2.41
43548,2.41
43549,2.4
43550,2.4
43551,2.41
43552,2.41
43553,2.43
43554,2.43
43555,2.43
43556,2.41
43557,2.41
43558,2.41
43559,2.41
43560,2.41
43561,2.41
43562,2.41
43563,2.41
43564,2.41
43565,2.41
43566,2.41
43567,2.41
43568,2.41
43569,2.41
43570,2.41
43571,2.41
43572,2.42
43573,2.43
43574,2.44
43575,2.44
43576,2.44
43577,2.44
43578,2.44
43579,2.44
43580,2.44
43581,2.44
43582,2.44
43583,2.44
43584,2.45
43585,2.45
43586,2.45
43587,2.41
43588,2.4
43589,2.4
43590,2.4
43591,2.4
43592,2.4
43593,2.39
43594,2.38
43595,2.38
43596,2.38
43597,2.38
43598,2.38
43599,2.38
43600,2.4
43601,2.39
43602,2.39
43603,2.39
43604,2.39
43605,2.39
43606,2.39
43607,2.38
43608,2.38
43609,2.38
43610,2.38
43611,2.38
43612,2.38
43613,2.39
43614,2.39
43615,2.39
43616,2.4
43617,2.4
43618,2.4
43619,2.38
43620,2.38
43621,2.38
43622,2.37
43623,2.37
43624,2.37
43625,2.37
43626,2.37
43627,2.37
43628,2.37
43629,2.37
43630,2.36
43631,2.36
43632,2.36
43633,2.38
43634,2.37
43635,2.37
43636,2.37
43637,2.38
43638,2.38
43639,2.38
43640,2.38
43641,2.38
43642,2.38
43643,2.38
43644,2.4
43645,2.4
43646,2.4
43647,2.39
43648,2.4
43649,2.41
43650,2.41
43651,2.42
43652,2.42
43653,2.42
43654,2.41
43655,2.41
43656,2.41
43657,2.4
43658,2.38
43659,2.38
43660,2.38
43661,2.4
43662,2.41
43663,2.41
43664,2.41
43665,2.41
43666,2.41
43667,2.41
43668,2.4
43669,2.4
43670,2.4
43671,2.4
43672,2.4
43673,2.4
43674,2.4
43675,2.4
43676,2.39
43677,2.4
43678,2.14
43679,2.14
43680,2.14
43681,2.14
43682,2.13
43683,2.13
43684,2.12
43685,2.12
43686,2.12
43687,2.12
43688,2.12
43689,2.12
43690,2.12
43691,2.12
43692,2.13
43693,2.13
43694,2.13
43695,2.13
43696,2.13
43697,2.13
43698,2.12
43699,2.12
43700,2.12
43701,2.12
43702,2.12
43703,2.12
43704,2.12
43705,2.12
43706,2.12
43707,2.13
43708,2.13
43709,2.13
43710,2.13
43711,2.13
43712,2.13
43713,2.13
43714,2.12
43715,2.12
43716,2.12
43717,2.13
43718,2.13
43719,2.13
43720,2.13
43721,2.14
43722,2.14
43723,2.14
43724,2.25
43725,2.3
43726,2.25
43727,1.9
43728,1.9
43729,1.9
43730,1.9
43731,1.9
43732,1.9
43733,1.9
43734,1.85
43735,1.83
43736,1.83
43737,1.83
43738,1.9
43739,1.88
43740,1.85
43741,1.83
43742,1.82
43743,1.82
43744,1.82
43745,1.82
43746,1.82
43747,1.82
43748,1.82
43749,1.82
43750,1.82
43751,1.82
43752,1.82
43753,1.9
43754,1.9
43755,1.85
43756,1.85
43757,1.85
43758,1.85
43759,1.85
43760,1.85
43761,1.85
43762,1.85
43763,1.83
43764,1.83
43765,1.83
43766,1.83
43767,1.82
43768,1.82
43769,1.58
43770,1.57
43771,1.57
43772,1.57
43773,1.56
43774,1.56
43775,1.55
43776,1.55
43777,1.55
43778,1.55
43779,1.55
43780,1.55
43781,1.55
43782,1.55
43783,1.55
43784,1.55
43785,1.55
43786,1.55
43787,1.55
43788,1.55
43789,1.55
43790,1.55
43791,1.55
43792,1.55
43793,1.55
43794,1.55
43795,1.55
43796,1.55
43797,1.55
43798,1.56
43799,1.56
43800,1.56
43801,1.56
43802,1.55
43803,1.55
43804,1.55
43805,1.55
43806,1.55
43807,1.55
43808,1.55
43809,1.55
43810,1.55
43811,1.55
43812,1.55
43813,1.55
43814,1.55
43815,1.56
43816,1.55
43817,1.55
43818,1.55
43819,1.55
43820,1.55
43821,1.55
43822,1.55
43823,1.55
43824,1.55
43825,1.55
43826,1.55
43827,1.55
43828,1.55
43829,1.55
43830,1.55
43831,1.55
43832,1.55
43833,1.55
43834,1.55
43835,1.55
43836,1.55
43837,1.55
43838,1.55
43839,1.55
43840,1.54
43841,1.54
43842,1.54
43843,1.54
43844,1.54
43845,1.54
43846,1.54
43847,1.55
43848,1.55
43849,1.55
43850,1.55
43851,1.55
43852,1.55
43853,1.55
43854,1.55
43855,1.55
43856,1.55
43857,1.55
43858,1.55
43859,1.55
43860,1.6
43861,1.59
43862,1.59
43863,1.59
43864,1.59
43865,1.59
43866,1.59
43867,1.59
43868,1.58
43869,1.58
43870,1.58
43871,1.58
43872,1.58
43873,1.58
43874,1.58
43875,1.58
43876,1.58
43877,1.58
43878,1.58
43879,1.59
43880,1.59
43881,1.59
43882,1.58
43883,1.58
43884,1.58
43885,1.58
43886,1.58
43887,1.58
43888,1.58
43889,1.58
43890,1.58
43891,1.58
43892,1.59
43893,1.59
43894,1.09
43895,1.09
43896,1.09
43897,1.09
43898,1.09
43899,1.09
43900,1.09
43901,1.09
43902,1.1
43903,1.1
43904,1.1
43905,1.1
43906,0.25
43907,0.25
43908,0.25
43909,0.2
43910,0.15
43911,0.15
43912,0.15
43913,0.15
43914,0.12
43915,0.1
43916,0.1
43917,0.1
43918,0.1
43919,0.1
43920,0.09
43921,0.08
43922,0.06
43923,0.05
43924,0.05
43925,0.05
43926,0.05
43927,0.05
43928,0.05
43929,0.05
43930,0.05
43931,0.05
43932,0.05
43933,0.05
43934,0.05
43935,0.05
43936,0.05
43937,0.05
43938,0.05
43939,0.05
43940,0.05
43941,0.05
43942,0.05
43943,0.05
43944,0.04
43945,0.05
43946,0.05
43947,0.05
43948,0.04
43949,0.04
43950,0.04
43951,0.05
43952,0.05
43953,0.05
43954,0.05
43955,0.05
43956,0.05
43957,0.05
43958,0.05
43959,0.05
43960,0.05
43961,0.05
43962,0.05
43963,0.05
43964,0.05
43965,0.05
43966,0.05
43967,0.05
43968,0.05
43969,0.05
43970,0.05
43971,0.05
43972,0.05
43973,0.05
43974,0.05
43975,0.05
43976,0.05
43977,0.05
43978,0.05
43979,0.05
43980,0.05
43981,0.05
43982,0.05
43983,0.05
43984,0.06
43985,0.06
43986,0.06
43987,0.07
43988,0.07
43989,0.07
43990,0.07
43991,0.07
43992,0.08
43993,0.08
43994,0.08
43995,0.08
43996,0.08
43997,0.09
43998,0.09
43999,0.09
44000,0.09
44001,0.09
44002,0.09
44003,0.09
44004,0.08
44005,0.08
44006,0.08
44007,0.08
44008,0.08
44009,0.08
44010,0.08
44011,0.08
44012,0.08
44013,0.08
44014,0.09
44015,0.09
44016,0.09
44017,0.09
44018,0.09
44019,0.09
44020,0.09
44021,0.09
44022,0.09
44023,0.09
44024,0.09
44025,0.09
44026,0.09
44027,0.1
44028,0.1
44029,0.09
44030,0.09
44031,0.09
44032,0.1
44033,0.1
44034,0.09
44035,0.09
44036,0.09
44037,0.09
44038,0.09
44039,0.1
44040,0.1
44041,0.1
44042,0.1
44043,0.1
44044,0.1
44045,0.1
44046,0.1
44047,0.1
44048,0.1
44049,0.1
44050,0.1
44051,0.1
44052,0.1
44053,0.1
44054,0.1
44055,0.1
44056,0.1
44057,0.1
44058,0.1
44059,0.1
44060,0.1
44061,0.09
44062,0.09
44063,0.09
44064,0.09
44065,0.09
44066,0.09
44067,0.09
44068,0.09
44069,0.09
44070,0.08
44071,0.09
44072,0.09
44073,0.09
44074,0.09
44075,0.09
44076,0.09
44077,0.09
44078,0.09
44079,0.09
44080,0.09
44081,0.09
44082,0.09
44083,0.09
44084,0.09
44085,0.09
44086,0.09
44087,0.09
44088,0.09
44089,0.09
44090,0.09
44091,0.09
44092,0.09
44093,0.09
44094,0.09
44095,0.09
44096,0.09
44097,0.09
44098,0.09
44099,0.09
44100,0.09
44101,0.09
44102,0.09
44103,0.09
44104,0.09
44105,0.09
44106,0.09
44107,0.09
44108,0.09
44109,0.09
44110,0.09
44111,0.09
44112,0.09
44113,0.09
44114,0.09
44115,0.09
44116,0.09
44117,0.09
44118,0.09
44119,0.09
44120,0.09
44121,0.09
44122,0.09
44123,0.09
44124,0.09
44125,0.09
44126,0.09
44127,0.09
44128,0.09
44129,0.09
44130,0.09
44131,0.09
44132,0.09
44133,0.09
44134,0.09
44135,0.09
44136,0.09
44137,0.09
44138,0.09
44139,0.09
44140,0.09
44141,0.09
44142,0.09
44143,0.09
44144,0.09
44145,0.09
44146,0.09
44147,0.09
44148,0.09
44149,0.09
44150,0.09
44151,0.09
44152,0.09
44153,0.09
44154,0.08
44155,0.08
44156,0.08
44157,0.08
44158,0.08
44159,0.08
44160,0.08
44161,0.08
44162,0.08
44163,0.08
44164,0.08
44165,0.09
44166,0.09
44167,0.09
44168,0.09
44169,0.09
44170,0.09
44171,0.09
44172,0.09
44173,0.09
44174,0.09
44175,0.09
44176,0.09
44177,0.09
44178,0.09
44179,0.09
44180,0.09
44181,0.09
44182,0.09
44183,0.09
44184,0.09
44185,0.09
44186,0.09
44187,0.09
44188,0.09
44189,0.09
44190,0.09
44191,0.09
44192,0.09
44193,0.09
44194,0.09
44195,0.09
44196,0.09
44197,0.09
44198,0.09
44199,0.09
44200,0.09
44201,0.09
44202,0.09
44203,0.09
44204,0.09
44205,0.09
44206,0.09
44207,0.09
44208,0.09
44209,0.09
44210,0.09
44211,0.09
44212,0.09
44213,0.09
44214,0.09
44215,0.09
44216,0.09
44217,0.08
44218,0.08
44219,0.08
44220,0.08
44221,0.08
44222,0.08
44223,0.08
44224,0.07
44225,0.07
44226,0.07
44227,0.07
44228,0.08
44229,0.08
44230,0.08
44231,0.08
44232,0.08
44233,0.08
44234,0.08
44235,0.07
44236,0.08
44237,0.08
44238,0.08
44239,0.08
44240,0.08
44241,0.08
44242,0.08
44243,0.08
44244,0.08
44245,0.07
44246,0.07
44247,0.07
44248,0.07
44249,0.07
44250,0.07
44251,0.07
44252,0.07
44253,0.07
44254,0.07
44255,0.07
44256,0.07
44257,0.07
44258,0.07
44259,0.07
44260,0.07
44261,0.07
44262,0.07
44263,0.07
44264,0.07
44265,0.07
44266,0.07
44267,0.07
44268,0.07
44269,0.07
44270,0.07
44271,0.07
44272,0.07
44273,0.07
44274,0.07
44275,0.07
44276,0.07
44277,0.07
44278,0.07
44279,0.07
44280,0.07
44281,0.07
44282,0.07
44283,0.07
44284,0.07
44285,0.07
44286,0.06
44287,0.07
44288,0.07
44289,0.07
44290,0.07
44291,0.07
44292,0.07
44293,0.07
44294,0.07
44295,0.07
44296,0.07
44297,0.07
44298,0.07
44299,0.07
44300,0.07
44301,0.07
44302,0.07
44303,0.07
44304,0.07
44305,0.07
44306,0.07
44307,0.07
44308,0.07
44309,0.07
44310,0.07
44311,0.07
44312,0.07
44313,0.07
44314,0.07
44315,0.06
44316,0.05
44317,0.05
44318,0.05
44319,0.06
44320,0.06
44321,0.06
44322,0.06
44323,0.06
44324,0.06
44325,0.06
44326,0.06
44327,0.06
44328,0.06
44329,0.06
44330,0.06
44331,0.06
44332,0.06
44333,0.06
44334,0.06
44335,0.06
44336,0.06
44337,0.06
44338,0.06
44339,0.06
44340,0.06
44341,0.06
44342,0.06
44343,0.06
44344,0.05
44345,0.05
44346,0.05
44347,0.05
44348,0.06
44349,0.06
44350,0.06
44351,0.06
44352,0.06
44353,0.06
44354,0.06
44355,0.06
44356,0.06
44357,0.06
44358,0.06
44359,0.06
44360,0.06
44361,0.06
44362,0.06
44363,0.06
44364,0.1
44365,0.1
44366,0.1
44367,0.1
44368,0.1
44369,0.1
44370,0.1
44371,0.1
44372,0.1
44373,0.1
44374,0.1
44375,0.1
44376,0.1
44377,0.08
44378,0.1
44379,0.1
44380,0.1
44381,0.1
44382,0.1
44383,0.1
44384,0.1
44385,0.1
44386,0.1
44387,0.1
44388,0.1
44389,0.1
44390,0.1
44391,0.1
44392,0.1
44393,0.1
44394,0.1
44395,0.1
44396,0.1
44397,0.1
44398,0.1
44399,0.1
44400,0.1
44401,0.1
44402,0.1
44403,0.1
44404,0.1
44405,0.1
44406,0.1
44407,0.07
44408,0.07
44409,0.07
44410,0.1
44411,0.1
44412,0.1
44413,0.1
44414,0.1
44415,0.1
44416,0.1
44417,0.1
44418,0.1
44419,0.1
44420,0.1
44421,0.1
44422,0.1
44423,0.1
44424,0.1
44425,0.1
44426,0.09
44427,0.09
44428,0.09
44429,0.09
44430,0.09
44431,0.09
44432,0.09
44433,0.09
44434,0.09
44435,0.08
44436,0.08
44437,0.08
44438,0.08
44439,0.06
44440,0.08
44441,0.08
44442,0.08
44443,0.08
44444,0.08
44445,0.08
44446,0.08
44447,0.08
44448,0.08
44449,0.08
44450,0.08
44451,0.08
44452,0.08
44453,0.08
44454,0.08
44455,0.08
44456,0.08
44457,0.08
44458,0.08
44459,0.08
44460,0.08
44461,0.08
44462,0.08
44463,0.08
44464,0.08
44465,0.08
44466,0.08
44467,0.08
44468,0.08
44469,0.06
44470,0.08
44471,0.08
44472,0.08
44473,0.08
44474,0.08
44475,0.08
44476,0.08
44477,0.08
44478,0.08
44479,0.08
44480,0.08
44481,0.08
44482,0.08
44483,0.08
44484,0.08
44485,0.08
44486,0.08
44487,0.08
44488,0.08
44489,0.08
44490,0.08
44491,0.08
44492,0.08
44493,0.08
44494,0.08
44495,0.08
44496,0.08
44497,0.08
44498,0.07
44499,0.07
44500,0.07
44501,0.08
44502,0.08
44503,0.08
44504,0.08
44505,0.08
44506,0.08
44507,0.08
44508,0.08
44509,0.08
44510,0.08
44511,0.08
44512,0.08
44513,0.08
44514,0.08
44515,0.08
44516,0.08
44517,0.08
44518,0.08
44519,0.08
44520,0.08
44521,0.08
44522,0.08
44523,0.08
44524,0.08
44525,0.08
44526,0.08
44527,0.08
44528,0.08
44529,0.08
44530,0.07
44531,0.08
44532,0.08
44533,0.08
44534,0.08
44535,0.08
44536,0.08
44537,0.08
44538,0.08
44539,0.08
44540,0.08
44541,0.08
44542,0.08
44543,0.08
44544,0.08
44545,0.08
44546,0.08
44547,0.08
44548,0.08
44549,0.08
44550,0.08
44551,0.08
44552,0.08
44553,0.08
44554,0.08
44555,0.08
44556,0.08
44557,0.08
44558,0.08
44559,0.08
44560,0.08
44561,0.07
44562,0.07
44563,0.07
44564,0.08
44565,0.08
44566,0.08
44567,0.08
44568,0.08
44569,0.08
44570,0.08
44571,0.08
44572,0.08
44573,0.08
44574,0.08
44575,0.08
44576,0.08
44577,0.08
44578,0.08
44579,0.08
44580,0.08
44581,0.08
44582,0.08
44583,0.08
44584,0.08
44585,0.08
44586,0.08
44587,0.08
44588,0.08
44589,0.08
44590,0.08
44591,0.08
44592,0.08
44593,0.08
44594,0.08
44595,0.08
44596,0.08
44597,0.08
44598,0.08
44599,0.08
44600,0.08
44601,0.08
44602,0.08
44603,0.08
44604,0.08
44605,0.08
44606,0.08
44607,0.08
44608,0.08
44609,0.08
44610,0.08
44611,0.08
44612,0.08
44613,0.08
44614,0.08
44615,0.08
44616,0.08
44617,0.08
44618,0.08
44619,0.08
44620,0.08
44621,0.08
44622,0.08
44623,0.08
44624,0.08
44625,0.08
44626,0.08
44627,0.08
44628,0.08
44629,0.08
44630,0.08
44631,0.08
44632,0.08
44633,0.08
44634,0.08
44635,0.08
44636,0.08
44637,0.33
44638,0.33
44639,0.33
44640,0.33
44641,0.33
44642,0.33
44643,0.33
44644,0.33
44645,0.33
44646,0.33
44647,0.33
44648,0.33
44649,0.33
44650,0.33
44651,0.33
44652,0.33
44653,0.33
44654,0.33
44655,0.33
44656,0.33
44657,0.33
44658,0.33
44659,0.33
44660,0.33
44661,0.33
44662,0.33
44663,0.33
44664,0.33
44665,0.33
44666,0.33
44667,0.33
44668,0.33
44669,0.33
44670,0.33
44671,0.33
44672,0.33
44673,0.33
44674,0.33
44675,0.33
44676,0.33
44677,0.33
44678,0.33
44679,0.33
44680,0.33
44681,0.33
44682,0.33
44683,0.33
44684,0.33
44685,0.33
44686,0.83
44687,0.83
44688,0.83
44689,0.83
44690,0.83
44691,0.83
44692,0.83
44693,0.83
44694,0.83
44695,0.83
44696,0.83
44697,0.83
44698,0.83
44699,0.83
44700,0.83
44701,0.83
44702,0.83
44703,0.83
44704,0.83
44705,0.83
44706,0.83
44707,0.83
44708,0.83
44709,0.83
44710,0.83
44711,0.83
44712,0.83
44713,0.83
44714,0.83
44715,0.83
44716,0.83
44717,0.83
44718,0.83
44719,0.83
44720,0.83
44721,0.83
44722,0.83
44723,0.83
44724,0.83
44725,0.83
44726,0.83
44727,0.83
44728,1.58
44729,1.58
44730,1.58
44731,1.58
44732,1.58
44733,1.58
44734,1.58
44735,1.58
44736,1.58
44737,1.58
44738,1.58
44739,1.58
44740,1.58
44741,1.58
44742,1.58
44743,1.58
44744,1.58
44745,1.58
44746,1.58
44747,1.58
44748,1.58
44749,1.58
44750,1.58
44751,1.58
44752,1.58
44753,1.58
44754,1.58
44755,1.58
44756,1.58
44757,1.58
44758,1.58
44759,1.58
44760,1.58
44761,1.58
44762,1.58
44763,1.58
44764,1.58
44765,1.58
44766,1.58
44767,1.58
44768,1.58
44769,1.58
44770,2.33
44771,2.32
44772,2.32
44773,2.32
44774,2.33
44775,2.33
44776,2.33
44777,2.33
44778,2.33
44779,2.33
44780,2.33
44781,2.33
44782,2.33
44783,2.33
44784,2.33
44785,2.33
44786,2.33
44787,2.33
44788,2.33
44789,2.33
44790,2.33
44791,2.33
44792,2.33
44793,2.33
44794,2.33
44795,2.33
44796,2.33
44797,2.33
44798,2.33
44799,2.33
44800,2.33
44801,2.33
44802,2.33
44803,2.33
44804,2.33
44805,2.33
44806,2.33
44807,2.33
44808,2.33
44809,2.33
44810,2.33
44811,2.33
44812,2.33
44813,2.33
44814,2.33
44815,2.33
44816,2.33
44817,2.33
44818,2.33
44819,2.33
44820,2.33
44821,2.33
44822,2.33
44823,2.33
44824,2.33
44825,2.33
44826,3.08
44827,3.08
44828,3.08
44829,3.08
44830,3.08
44831,3.08
44832,3.08
44833,3.08
44834,3.08
44835,3.08
44836,3.08
44837,3.08
44838,3.08
44839,3.08
44840,3.08
44841,3.08
44842,3.08
44843,3.08
44844,3.08
44845,3.08
44846,3.08
44847,3.08
44848,3.08
44849,3.08
44850,3.08
44851,3.08
44852,3.08
44853,3.08
44854,3.08
44855,3.08
44856,3.08
44857,3.08
44858,3.08
44859,3.08
44860,3.08
44861,3.08
44862,3.08
44863,3.08
44864,3.08
44865,3.08
44866,3.08
44867,3.08
44868,3.83
44869,3.83
44870,3.83
44871,3.83
44872,3.83
44873,3.83
44874,3.83
44875,3.83
44876,3.83
44877,3.83
44878,3.83
44879,3.83
44880,3.83
44881,3.83
44882,3.83
44883,3.83
44884,3.83
44885,3.83
44886,3.83
44887,3.83
44888,3.83
44889,3.83
44890,3.83
44891,3.83
44892,3.83
44893,3.83
44894,3.83
44895,3.83
44896,3.83
44897,3.83
44898,3.83
44899,3.83
44900,3.83
44901,3.83
44902,3.83
44903,3.83
44904,3.83
44905,3.83
44906,3.83
44907,3.83
44908,3.83
44909,3.83
44910,4.33
44911,4.33
44912,4.33
44913,4.33
44914,4.33
44915,4.33
44916,4.33
44917,4.33
44918,4.33
44919,4.33
44920,4.33
44921,4.33
44922,4.33
44923,4.33
44924,4.33
44925,4.33
44926,4.33
44927,4.33
44928,4.33
44929,4.33
44930,4.33
44931,4.33
44932,4.33
44933,4.33
44934,4.33
44935,4.33
44936,4.33
44937,4.33
44938,4.33
44939,4.33
44940,4.33
44941,4.33
44942,4.33
44943,4.33
44944,4.33
44945,4.33
44946,4.33
44947,4.33
44948,4.33
44949,4.33
44950,4.33
44951,4.33
44952,4.33
44953,4.33
44954,4.33
44955,4.33
44956,4.33
44957,4.33
44958,4.33
44959,4.58
44960,4.58
44961,4.58
44962,4.58
44963,4.58
44964,4.58
44965,4.58
44966,4.57
44967,4.58
44968,4.58
44969,4.58
44970,4.58
44971,4.58
44972,4.58
44973,4.58
44974,4.58
44975,4.58
44976,4.58
44977,4.58
44978,4.58
44979,4.58
44980,4.58
44981,4.58
44982,4.58
44983,4.58
44984,4.57
44985,4.57
44986,4.58
44987,4.57
44988,4.57
44989,4.57
44990,4.57
44991,4.57
44992,4.57
44993,4.57
44994,4.57
44995,4.57
44996,4.57
44997,4.57
44998,4.58
44999,4.58
45000,4.58
45001,4.58
45002,4.58
45003,4.58
45004,4.58
45005,4.58
45006,4.58
45007,4.58
45008,4.83
45009,4.83
45010,4.83
45011,4.83
45012,4.83
45013,4.83
45014,4.83
45015,4.83
45016,4.83
45017,4.83
45018,4.83
45019,4.83
45020,4.83
45021,4.83
45022,4.83
45023,4.83
45024,4.83
45025,4.83
45026,4.83
45027,4.83
45028,4.83
45029,4.83
45030,4.83
45031,4.83
45032,4.83
45033,4.83
45034,4.83
45035,4.83
45036,4.83
45037,4.83
45038,4.83
45039,4.83
45040,4.83
45041,4.83
45042,4.83
45043,4.83
45044,4.83
45045,4.83
45046,4.83
45047,4.83
45048,4.83
45049,4.83
45050,5.08
45051,5.08
45052,5.08
45053,5.08
45054,5.08
45055,5.08
45056,5.08
45057,5.08
45058,5.08
45059,5.08
45060,5.08
45061,5.08
45062,5.08
45063,5.08
45064,5.08
45065,5.08
45066,5.08
45067,5.08
45068,5.08
45069,5.08
45070,5.08
45071,5.08
45072,5.08
45073,5.08
45074,5.08
45075,5.08
45076,5.08
45077,5.08
45078,5.08
45079,5.08
45080,5.08
45081,5.08
45082,5.08
45083,5.08
45084,5.08
45085,5.08
45086,5.08
45087,5.08
45088,5.08
45089,5.08
45090,5.08
45091,5.08
45092,5.07
45093,5.08
45094,5.08
45095,5.08
45096,5.08
45097,5.07
45098,5.07
45099,5.07
45100,5.07
45101,5.07
45102,5.07
45103,5.07
45104,5.07
45105,5.07
45106,5.07
45107,5.08
45108,5.08
45109,5.08
45110,5.08
45111,5.08
45112,5.08
45113,5.08
45114,5.08
45115,5.08
45116,5.08
45117,5.07
45118,5.08
45119,5.08
45120,5.08
45121,5.08
45122,5.08
45123,5.08
45124,5.08
45125,5.08
45126,5.08
45127,5.08
45128,5.08
45129,5.08
45130,5.08
45131,5.08
45132,5.08
45133,5.08
45134,5.33
45135,5.33
45136,5.33
45137,5.33
45138,5.33
45139,5.33
45140,5.33
45141,5.33
45142,5.33
45143,5.33
45144,5.33
45145,5.33
45146,5.33
45147,5.33
45148,5.33
45149,5.33
45150,5.33
45151,5.33
45152,5.33
45153,5.33
45154,5.33
45155,5.33
45156,5.33
45157,5.33
45158,5.33
45159,5.33
45160,5.33
45161,5.33
45162,5.33
45163,5.33
45164,5.33
45165,5.33
45166,5.33
45167,5.33
45168,5.33
45169,5.33
45170,5.33
45171,5.33
45172,5.33
45173,5.33
45174,5.33
45175,5.33
45176,5.33
45177,5.33
45178,5.33
45179,5.33
45180,5.33
45181,5.33
45182,5.33
45183,5.33
45184,5.33
45185,5.33
45186,5.33
45187,5.33
45188,5.33
45189,5.33
45190,5.33
45191,5.33
45192,5.33
45193,5.33
45194,5.33
45195,5.33
45196,5.33
45197,5.33
45198,5.33
45199,5.33
45200,5.33
45201,5.33
45202,5.33
45203,5.33
45204,5.33
45205,5.33
45206,5.33
45207,5.33
45208,5.33
45209,5.33
45210,5.33
45211,5.33
45212,5.33
45213,5.33
45214,5.33
45215,5.33
45216,5.33
45217,5.33
45218,5.33
45219,5.33
45220,5.33
45221,5.33
45222,5.33
45223,5.33
45224,5.33
45225,5.33
45226,5.33
45227,5.33
45228,5.33
45229,5.33
45230,5.33
45231,5.33
45232,5.33
45233,5.33
45234,5.33
45235,5.33
45236,5.33
45237,5.33
45238,5.33
45239,5.33
45240,5.33
45241,5.33
45242,5.33
45243,5.33
45244,5.33
45245,5.33
45246,5.33
45247,5.33
45248,5.33
45249,5.33
45250,5.33
45251,5.33
45252,5.33
45253,5.33
45254,5.33
45255,5.33
45256,5.33
45257,5.33
45258,5.33
45259,5.33
45260,5.33
45261,5.33
45262,5.33
45263,5.33
45264,5.33
45265,5.33
45266,5.33
45267,5.33
45268,5.33
45269,5.33
45270,5.33
45271,5.33
45272,5.33
45273,5.33
45274,5.33
45275,5.33
45276,5.33
45277,5.33
45278,5.33
45279,5.33
45280,5.33
45281,5.33
45282,5.33
45283,5.33
45284,5.33
45285,5.33
45286,5.33
45287,5.33
45288,5.33
45289,5.33
45290,5.33
45291,5.33
45292,5.33
45293,5.33
45294,5.33
45295,5.33
45296,5.33
45297,5.33
45298,5.33
45299,5.33
45300,5.33
45301,5.33
45302,5.33
45303,5.33
45304,5.33
45305,5.33
45306,5.33
45307,5.33
45308,5.33
45309,5.33
45310,5.33
45311,5.33
45312,5.33
45313,5.33
45314,5.33
45315,5.33
45316,5.33
45317,5.33
45318,5.33
45319,5.33
45320,5.33
45321,5.33
45322,5.33
45323,5.33
45324,5.33
45325,5.33
45326,5.33
45327,5.33
45328,5.33
45329,5.33
45330,5.33
45331,5.33
45332,5.33
45333,5.33
45334,5.33
45335,5.33
45336,5.33
45337,5.33
45338,5.33
45339,5.33
45340,5.33
45341,5.33
45342,5.33
45343,5.33
45344,5.33
45345,5.33
45346,5.33
45347,5.33
45348,5.33
45349,5.33
45350,5.33
45351,5.33
45352,5.33
45353,5.33
45354,5.33
45355,5.33
45356,5.33
45357,5.33
45358,5.33
45359,5.33
45360,5.33
45361,5.33
45362,5.33
45363,5.33
45364,5.33
45365,5.33
45366,5.33
45367,5.33
45368,5.33
45369,5.33
45370,5.33
45371,5.33
45372,5.33
45373,5.33
45374,5.33
45375,5.33
45376,5.33
45377,5.33
45378,5.33
45379,5.33
45380,5.33
45381,5.33
45382,5.33
45383,5.33
45384,5.33
45385,5.33
45386,5.33
45387,5.33
45388,5.33
45389,5.33
45390,5.33
45391,5.33
45392,5.33
45393,5.33
45394,5.33
45395,5.33
45396,5.33
45397,5.33
45398,5.33
45399,5.33
45400,5.33
45401,5.33
45402,5.33
45403,5.33
45404,5.33
45405,5.33
45406,5.33
45407,5.33
45408,5.33
45409,5.33
45410,5.33
45411,5.33
45412,5.33
45413,5.33
45414,5.33
45415,5.33
45416,5.33
45417,5.33
45418,5.33
45419,5.33
45420,5.33
45421,5.33
45422,5.33
45423,5.33
45424,5.33
45425,5.33
45426,5.33
45427,5.33
45428,5.33
45429,5.33
45430,5.33
45431,5.33
45432,5.33
45433,5.33
45434,5.33
45435,5.33
45436,5.33
45437,5.33
45438,5.33
45439,5.33
45440,5.33
45441,5.33
45442,5.33
45443,5.33
45444,5.33
45445,5.33
45446,5.33
45447,5.33
45448,5.33
45449,5.33
45450,5.33
45451,5.33
45452,5.33
45453,5.33
45454,5.33
45455,5.33
45456,5.33
45457,5.33
45458,5.33
45459,5.33
45460,5.33
45461,5.33
45462,5.33
45463,5.33
45464,5.33
45465,5.33
45466,5.33
45467,5.33
45468,5.33
45469,5.33
45470,5.33
45471,5.33
45472,5.33
45473,5.33
45474,5.33
45475,5.33
45476,5.33
45477,5.33
45478,5.33
45479,5.33
45480,5.33
45481,5.33
45482,5.33
45483,5.33
45484,5.33
45485,5.33
45486,5.33
45487,5.33
45488,5.33
45489,5.33
45490,5.33
45491,5.33
45492,5.33
45493,5.33
45494,5.33
45495,5.33
45496,5.33
45497,5.33
45498,5.33
45499,5.33
45500,5.33
45501,5.33
45502,5.33
45503,5.33
45504,5.33
45505,5.33
45506,5.33
45507,5.33
45508,5.33
45509,5.33
45510,5.33
45511,5.33
45512,5.33
45513,5.33
45514,5.33
45515,5.33
45516,5.33
45517,5.33
45518,5.33
45519,5.33
45520,5.33
45521,5.33
45522,5.33
45523,5.33
45524,5.33
45525,5.33
45526,5.33
45527,5.33
45528,5.33
45529,5.33
45530,5.33
45531,5.33
45532,5.33
45533,5.33
45534,5.33
45535,5.33
45536,5.33
45537,5.33
45538,5.33
45539,5.33
45540,5.33
45541,5.33
45542,5.33
45543,5.33
45544,5.33
45545,5.33
45546,5.33
45547,5.33
45548,5.33
45549,5.33
45550,5.33
45551,5.33
45552,5.33
45553,5.33
45554,4.83
45555,4.83
45556,4.83
45557,4.83
45558,4.83
45559,4.83
45560,4.83
45561,4.83
45562,4.83
45563,4.83
45564,4.83
45565,4.83
45566,4.83
45567,4.83
45568,4.83
45569,4.83
45570,4.83
45571,4.83
45572,4.83
45573,4.83
45574,4.83
45575,4.83
45576,4.83
45577,4.83
45578,4.83
45579,4.83
45580,4.83
45581,4.83
45582,4.83
45583,4.83
45584,4.83
45585,4.83
45586,4.83
45587,4.83
45588,4.83
45589,4.83
45590,4.83
45591,4.83
45592,4.83
45593,4.83
45594,4.83
45595,4.83
45596,4.83
45597,4.83
45598,4.83
45599,4.83
45600,4.83
45601,4.83
45602,4.83
45603,4.83
45604,4.58
45605,4.58
45606,4.58
45607,4.58
45608,4.58
45609,4.58
45610,4.58
45611,4.58
45612,4.58
45613,4.58
45614,4.58
45615,4.58
45616,4.58
45617,4.58
45618,4.58
45619,4.58
45620,4.58
45621,4.58
45622,4.58
45623,4.58
45624,4.58
45625,4.58
45626,4.58
45627,4.58
45628,4.58
45629,4.58
45630,4.58
45631,4.58
45632,4.58
45633,4.58
45634,4.58
45635,4.58
45636,4.58
45637,4.58
45638,4.58
45639,4.58
45640,4.58
45641,4.58
45642,4.58
45643,4.58
45644,4.58
45645,4.33
45646,4.33
45647,4.33
45648,4.33
45649,4.33
45650,4.33
45651,4.33
45652,4.33
45653,4.33
45654,4.33
45655,4.33
45656,4.33
45657,4.33
45658,4.33
45659,4.33
45660,4.33
45661,4.33
45662,4.33
45663,4.33
45664,4.33
45665,4.33
45666,4.33
45667,4.33
45668,4.33
45669,4.33
45670,4.33
45671,4.33
45672,4.33
45673,4.33
45674,4.33
45675,4.33
45676,4.33
45677,4.33
45678,4.33
45679,4.33
45680,4.33
45681,4.33
45682,4.33
45683,4.33
45684,4.33
45685,4.33
45686,4.33
45687,4.33
45688,4.33
45689,4.33
45690,4.33
45691,4.33
45692,4.33
45693,4.33
45694,4.33
45695,4.33
45696,4.33
45697,4.33
45698,4.33
45699,4.33
45700,4.33
45701,4.33
45702,4.33
45703,4.33
45704,4.33
45705,4.33
45706,4.33
45707,4.33
45708,4.33
45709,4.33
45710,4.33
45711,4.33
45712,4.33
45713,4.33
45714,4.33
45715,4.33
45716,4.33
45717,4.33
45718,4.33
45719,4.33
45720,4.33
45721,4.33
45722,4.33
45723,4.33
45724,4.33
45725,4.33
45726,4.33
45727,4.33
45728,4.33
45729,4.33
45730,4.33
45731,4.33
45732,4.33
45733,4.33
45734,4.33
45735,4.33
45736,4.33
45737,4.33
45738,4.33
45739,4.33
45740,4.33
45741,4.33
45742,4.33
45743,4.33
45744,4.33
45745,4.33
45746,4.33
45747,4.33
45748,4.33
45749,4.33
45750,4.33
45751,4.33
45752,4.33
45753,4.33
45754,4.33
45755,4.33
45756,4.33
45757,4.33
45758,4.33
45759,4.33
45760,4.33
45761,4.33
45762,4.33
45763,4.33
45764,4.33
45765,4.33
45766,4.33
45767,4.33
45768,4.33
45769,4.33
45770,4.33
45771,4.33
45772,4.33
45773,4.33
45774,4.33
45775,4.33
45776,4.33
45777,4.33
45778,4.33
45779,4.33
45780,4.33
45781,4.33
45782,4.33
45783,4.33
45784,4.33
45785,4.33
45786,4.33
45787,4.33
45788,4.33
45789,4.33
45790,4.33
45791,4.33
45792,4.33
45793,4.33
45794,4.33
45795,4.33
45796,4.33
45797,4.33
45798,4.33
45799,4.33
45800,4.33
45801,4.33
45802,4.33
45803,4.33
45804,4.33
45805,4.33
45806,4.33
45807,4.33
45808,4.33
45809,4.33
45810,4.33
45811,4.33
45812,4.33
45813,4.33
45814,4.33
45815,4.33
45816,4.33
45817,4.33
45818,4.33
45819,4.33
45820,4.33
45821,4.33
45822,4.33
45823,4.33
45824,4.33
45825,4.33
45826,4.33
45827,4.33
45828,4.33
45829,4.33
45830,4.33
45831,4.33
45832,4.33
45833,4.33
45834,4.33
45835,4.33
45836,4.33
45837,4.33
45838,4.33
45839,4.33
45840,4.33
45841,4.33
45842,4.33
45843,4.33
45844,4.33
45845,4.33
45846,4.33
45847,4.33
45848,4.33
45849,4.33
45850,4.33
45851,4.33
45852,4.33
45853,4.33
45854,4.33
45855,4.33
45856,4.33
45857,4.33
45858,4.33
45859,4.33
45860,4.33
45861,4.33
45862,4.33
45863,4.33
45864,4.33
45865,4.33
45866,4.33
45867,4.33
45868,4.33
45869,4.33
45870,4.33
45871,4.33
45872,4.33
45873,4.33
45874,4.33
45875,4.33
45876,4.33
45877,4.33
45878,4.33
45879,4.33
45880,4.33
45881,4.33
45882,4.33
45883,4.33
45884,4.33
45885,4.33
45886,4.33
45887,4.33
45888,4.33
45889,4.33
45890,4.33
45891,4.33
45892,4.33
45893,4.33
45894,4.33
45895,4.33
45896,4.33
45897,4.33
45898,4.33
45899,4.33
45900,4.33
45901,4.33
45902,4.33
45903,4.33
45904,4.33
45905,4.33
45906,4.33
45907,4.33
45908,4.33
45909,4.33
45910,4.33
45911,4.33
45912,4.33
45913,4.33
45914,4.33
45915,4.33
45916,4.33
45917,4.33
45918,4.08
45919,4.08
45920,4.08
45921,4.08
45922,4.09
45923,4.09
45924,4.09
45925,4.09
45926,4.09
45927,4.09
45928,4.09
45929,4.09
45930,4.09
45931,4.09
45932,4.09
45933,4.09
45934,4.09
45935,4.09
45936,4.09
45937,4.09
45938,4.1
45939,4.1
45940,4.1
45941,4.1
45942,4.1
45943,4.1
45944,4.1
45945,4.1
45946,4.11
45947,4.11
45948,4.11
45949,4.11
45950,4.11
45951,4.11
45952,4.11
45953,4.11
45954,4.11
45955,4.11
45956,4.11
45957,4.12
45958,4.12
45959,4.12
45960,3.87
45961,3.86
45962,3.86
45963,3.86
45964,3.87
45965,3.87
45966,3.87
45967,3.87
45968,3.87
45969,3.87
45970,3.87
45971,3.87
45972,3.87
45973,3.87
45974,3.88
45975,3.88
45976,3.88
45977,3.88
45978,3.88
45979,3.88
45980,3.88
45981,3.88
45982,3.88
45983,3.88
45984,3.88
45985,3.88
45986,3.88
45987,3.88
45988,3.88
45989,3.89
45990,3.89
45991,3.89
45992,3.89
45993,3.89
45994,3.89
45995,3.89
45996,3.89
45997,3.89
45998,3.89
45999,3.89
46000,3.89
46001,3.89
46002,3.64
46003,3.64
46004,3.64
46005,3.64
46006,3.64
46007,3.64
46008,3.64
46009,3.64
46010,3.64
46011,3.64
46012,3.64
46013,3.64
46014,3.64
46015,3.64
46016,3.64
46017,3.64
46018,3.64
46019,3.64
46020,3.64
46021,3.64
46022,3.64
46023,3.64
46024,3.64
46025,3.64
46026,3.64
46027,3.64
46028,3.64
46029,3.64
46030,3.64
46031,3.64
46032,3.64
46033,3.64
46034,3.64
46035,3.64
46036,3.64
46037,3.64
46038,3.64
46039,3.64
46040,3.64
46041,3.64
46042,3.64
46043,3.64
46044,3.64
46045,3.64
46046,3.64
46047,3.64
46048,3.64
46049,3.64
46050,3.64
46051,3.64
46052,3.64
46053,3.64
46054,3.64
46055,3.64
46056,3.64
46057,3.64
46058,3.64
46059,3.64
46060,3.64
46061,3.64
46062,3.64
46063,3.64
46064,3.64
46065,3.64
46066,3.64
46067,3.64
46068,3.64
46069,3.64
46070,3.64
46071,3.64
46072,3.64
46073,3.64
46074,3.64
46075,3.64
46076,3.64
46077,3.64
46078,3.64
46079,3.64
46080,3.64
46081,3.64
46082,3.64
46083,3.64
46084,3.64
46085,3.64
46086,3.64
46087,3.64
46088,3.64
46089,3.64
46090,3.64
46091,3.64
46092,3.64
46093,3.64
46094,3.64
46095,3.64
46096,3.64
46097,3.64
46098,3.64
46099,3.64
46100,3.64
46101,3.64
46102,3.64
46103,3.64
46104,3.64
46105,3.64
46106,3.64
46107,3.64
46108,3.64
46109,3.64
46110,3.64
46111,3.64
46112,3.64
46113,3.64
46114,3.64
46115,3.64
46116,3.64
46117,3.64
46118,3.64
46119,3.64
46120,3.64
46121,3.64
46122,3.64
46123,3.64
46124,3.64
46125,3.64
46126,3.64
46127,3.64
46128,3.64
46129,3.64
46130,3.64
46131,3.64
46132,3.64
46133,3.64
46134,3.64
46135,3.64
46136,3.64
46137,3.64
46138,3.64
46139,3.64
46140,3.64
46141,3.64
46142,3.64
46143,3.64
46144,3.64
46145,3.64
46146,3.64
46147,3.64
46148,3.64
46149,3.63
46150,3.63
46151,3.63
46152,3.63
46153,3.63
46154,3.63
46155,3.63
46156,3.63
46157,3.63
46158,3.63
46159,3.63
46160,3.63
46161,3.62
46162,3.62
46163,3.62
46164,3.62
46165,3.62
46166,3.62
46167,3.62
46168,3.62
46169,3.62
46170,3.62
46171,3.62
46172,3.62
46173,3.62
46174,3.62
46175,3.62
46176,3.62
46177,3.62
46178,3.62
46179,3.62
46180,3.62
46181,3.62
46182,3.62
46183,3.62
46184,3.62
46185,3.62
46186,3.62
46187,3.62
46188,3.63
46189,3.63
46190,3.63
46191,3.63
46192,3.63
46193,3.63
46194,3.63
46195,3.63
46196,3.63
46197,3.63
46198,3.63
46199,3.63
46200,3.63
46201,3.63
46202,3.63
46203,3.63
46204,3.63
46205,3.63
46206,3.63
46207,3.63
46208,3.63
46209,3.63
46210,3.63
46211,3.62
46212,3.62
46213,3.62
46214,3.62
46215,3.62
46216,3.62
46217,3.63
46218,3.63
46219,3.63
46220,3.63
46221,3.63
46222,3.63
46223,3.63
46224,3.63
46225,3.63
46226,3.63
46227,3.63
46228,3.63
46229,3.63
46230,3.63
46231,3.63
46232,3.63
46233,3.63
46234,3.63
46235,3.63
46236,3.63
46237,3.63
46238,3.63
46239,3.63
46240,3.63
46241,3.63
46242,3.63
46243,3.63
46244,3.63
46245,3.63
46246,3.63
46247,3.63
46248,3.63
46249,3.63
46250,3.63
46251,3.63
46252,3.63
46253,3.63
46254,3.63
46255,3.63
46256,3.63
46257,3.63
46258,3.63
46259,3.63
46260,3.63
46261,3.63
46262,3.63
46263,3.63
46264,3.63
46265,3.63
