Date,GDP,NFCI
4/1/1947,-1.062306497,
7/1/1947,-0.820357658,
10/1/1947,6.215407304,
1/1/1948,5.979238369,
4/1/1948,6.555496904,
7/1/1948,2.291496831,
10/1/1948,0.452889466,
1/1/1949,-5.544708126,
4/1/1949,-1.360942487,
7/1/1949,4.114527072,
10/1/1949,-3.365338296,
1/1/1950,15.42545404,
4/1/1950,12.02125995,
7/1/1950,15.16897058,
10/1/1950,7.587409497,
1/1/1951,5.39527362,
4/1/1951,6.869216649,
7/1/1951,8.156231482,
10/1/1951,0.874858831,
1/1/1952,4.245098447,
4/1/1952,0.856282027,
7/1/1952,2.87456837,
10/1/1952,12.92470505,
1/1/1953,7.367884184,
4/1/1953,3.080473896,
7/1/1953,-2.256416205,
10/1/1953,-6.10116955,
1/1/1954,-1.914857996,
4/1/1954,0.437411357,
7/1/1954,4.493424297,
10/1/1954,7.752247254,
1/1/1955,11.26622454,
4/1/1955,6.457769783,
7/1/1955,5.367116427,
10/1/1955,2.395477312,
1/1/1956,-1.555190108,
4/1/1956,3.29271492,
7/1/1956,-0.358974579,
10/1/1956,6.530051974,
1/1/1957,2.552907458,
4/1/1957,-0.877522812,
7/1/1957,3.900606945,
10/1/1957,-4.159707615,
1/1/1958,-10.52076753,
4/1/1958,2.619002679,
7/1/1958,9.147056674,
10/1/1958,9.245248797,
1/1/1959,7.600947922,
4/1/1959,8.913675384,
7/1/1959,0.278809715,
10/1/1959,1.138301547,
1/1/1960,8.8948734,
4/1/1960,-2.159246584,
7/1/1960,1.954939929,
10/1/1960,-5.16573753,
1/1/1961,2.690999685,
4/1/1961,6.734408913,
7/1/1961,7.608637951,
10/1/1961,7.770707415,
1/1/1962,7.071770338,
4/1/1962,3.602744037,
7/1/1962,4.888275567,
10/1/1962,1.315442129,
1/1/1963,4.344680729,
4/1/1963,4.464648016,
7/1/1963,8.700021311,
10/1/1963,2.615052202,
1/1/1964,8.34715167,
4/1/1964,4.332722949,
7/1/1964,6.202074999,
10/1/1964,1.234856296,
1/1/1965,9.564369183,
4/1/1965,5.022222548,
7/1/1965,8.795234069,
10/1/1965,9.111050461,
1/1/1966,9.618758001,
4/1/1966,1.363555117,
7/1/1966,3.373068235,
10/1/1966,3.268225654,
1/1/1967,3.52757272,
4/1/1967,0.245330628,
7/1/1967,3.766515019,
10/1/1967,3.004104191,
1/1/1968,8.075025353,
4/1/1968,6.626302827,
7/1/1968,3.086138255,
10/1/1968,1.568019022,
1/1/1969,6.209278408,
4/1/1969,1.211579026,
7/1/1969,2.631136814,
10/1/1969,-1.957618735,
1/1/1970,-0.59601067,
4/1/1970,0.566472357,
7/1/1970,3.668991104,
10/1/1970,-4.309423465,
1/1/1971,10.71966607,0.80884
4/1/1971,2.157438105,1.285621538
7/1/1971,3.276332647,1.606050769
10/1/1971,0.938357061,1.521444286
1/1/1972,7.282172009,0.7272
4/1/1972,8.975688804,0.120453846
7/1/1972,3.758643829,0.152709231
10/1/1972,6.642286891,-0.220511538
1/1/1973,9.779244714,0.670776923
4/1/1973,4.331437172,1.184088462
7/1/1973,-2.108902897,2.01719
10/1/1973,3.779015812,2.114408462
1/1/1974,-3.453688192,0.824223846
4/1/1974,0.949659833,2.947073846
7/1/1974,-3.799093949,4.757408462
10/1/1974,-1.556648105,2.991490769
1/1/1975,-4.90043292,1.454545385
4/1/1975,2.848637218,0.106866154
7/1/1975,6.790217143,-0.091573846
10/1/1975,5.352401074,0.055017692
1/1/1976,8.898160921,-0.580012308
4/1/1976,2.922791705,-0.574594615
7/1/1976,2.183659019,-0.648560769
10/1/1976,2.880021203,-0.697134286
1/1/1977,4.717010209,-0.896025
4/1/1977,7.693235161,-0.608785385
7/1/1977,7.148403098,-0.475216429
10/1/1977,0.007971039,-0.256354615
1/1/1978,1.277326931,-0.193748462
4/1/1978,15.16784177,0.435023077
7/1/1978,4.002899039,0.593419231
10/1/1978,5.340688777,1.717874615
1/1/1979,0.717730948,0.797679231
4/1/1979,0.426753424,0.453529231
7/1/1979,2.960237918,1.497366923
10/1/1979,0.998932307,2.298843846
1/1/1980,1.256309656,2.432995385
4/1/1980,-8.327831933,3.064090769
7/1/1980,-0.475701752,0.953413077
10/1/1980,7.390987394,2.3954
1/1/1981,7.761890672,2.377183846
4/1/1981,-2.97534126,2.411413077
7/1/1981,4.761555003,3.319461538
10/1/1981,-4.382305248,2.523401538
1/1/1982,-6.263360731,1.982843077
4/1/1982,1.820559177,2.454708462
7/1/1982,-1.531997371,3.187161538
10/1/1982,0.160003146,1.649205
1/1/1983,5.23673235,0.15913
4/1/1983,9.000065818,-0.130601538
7/1/1983,7.916951323,-0.102876429
10/1/1983,8.25887931,0.042701538
1/1/1984,7.74371884,-0.117049231
4/1/1984,6.85202204,0.703651538
7/1/1984,3.837572472,0.747443846
10/1/1984,3.269691688,-0.027503846
1/1/1985,3.857258926,-0.344140769
4/1/1985,3.50648003,-0.403085385
7/1/1985,6.06290415,-0.242498462
10/1/1985,2.962796731,-0.292003846
1/1/1986,3.717660621,-0.295111538
4/1/1986,1.797142218,-0.450680769
7/1/1986,3.808483781,-0.545675385
10/1/1986,2.139837667,-0.549240769
1/1/1987,2.956427197,-0.432356154
4/1/1987,4.289627008,0.399076154
7/1/1987,3.453758533,0.158224615
10/1/1987,6.809534933,0.97873
1/1/1988,2.062205152,0.303527692
4/1/1988,5.22189507,0.238415385
7/1/1988,2.337038082,0.363273571
10/1/1988,5.29462775,0.166983846
1/1/1989,4.04505757,0.377911538
4/1/1989,3.04081112,0.454353846
7/1/1989,2.952022607,0.258602308
10/1/1989,0.787149208,0.171484615
1/1/1990,4.347812985,0.052770769
4/1/1990,1.449251535,0.001441538
7/1/1990,0.266238094,0.08534
10/1/1990,-3.658296259,0.462743077
1/1/1991,-1.876155659,0.180513846
4/1/1991,3.106660758,-0.236922308
7/1/1991,2.016344141,-0.475584615
10/1/1991,1.391755339,-0.61223
1/1/1992,4.760567369,-0.66434
4/1/1992,4.313867437,-0.818397692
7/1/1992,3.933041199,-0.903406154
10/1/1992,4.149821489,-0.750556154
1/1/1993,0.667218105,-0.955053077
4/1/1993,2.321931509,-0.993968462
7/1/1993,1.90408019,-1.078236154
10/1/1993,5.403929208,-0.977419286
1/1/1994,3.862740813,-0.941471667
4/1/1994,5.38432863,-0.730173077
7/1/1994,2.33152996,-0.763649286
10/1/1994,4.556232747,-0.529168462
1/1/1995,1.416610584,-0.568335385
4/1/1995,1.191514986,-0.686469231
7/1/1995,3.388508904,-0.69814
10/1/1995,2.707146699,-0.735242308
1/1/1996,2.985034692,-0.784681538
4/1/1996,6.616746724,-0.704261538
7/1/1996,3.572137173,-0.728929231
10/1/1996,4.13206202,-0.756764615
1/1/1997,2.573476535,-0.715056154
4/1/1997,6.606020401,-0.640803077
7/1/1997,4.963354528,-0.647786923
10/1/1997,3.40094202,-0.515093077
1/1/1998,3.994995955,-0.607247692
4/1/1998,3.685718593,-0.587909231
7/1/1998,5.004326031,-0.379647692
10/1/1998,6.385544996,-0.074242308
1/1/1999,3.740194051,-0.312878462
4/1/1999,3.32511274,-0.401323077
7/1/1999,5.268681314,-0.189793846
10/1/1999,6.509414268,-0.137710714
1/1/2000,1.448547603,-0.174540769
4/1/2000,7.219604138,-0.006104615
7/1/2000,0.407522681,-0.153947692
10/1/2000,2.381054314,-0.12571
1/1/2001,-1.31334898,-0.236814615
4/1/2001,2.490243966,-0.386097692
7/1/2001,-1.605775617,-0.445057692
10/1/2001,1.097594521,-0.373839231
1/1/2002,3.331522228,-0.473756154
4/1/2002,2.443348677,-0.586743846
7/1/2002,1.622749619,-0.415721538
10/1/2002,0.494114898,-0.424202308
1/1/2003,2.101040306,-0.533333846
4/1/2003,3.526892181,-0.693496154
7/1/2003,6.598081034,-0.692613077
10/1/2003,4.616146819,-0.714856154
1/1/2004,2.260208096,-0.793103077
4/1/2004,3.087859968,-0.728056154
7/1/2004,3.776491954,-0.699663846
10/1/2004,4.060156528,-0.709205714
1/1/2005,4.413020212,-0.7006
4/1/2005,1.965660123,-0.613818462
7/1/2005,3.12303268,-0.599253571
10/1/2005,2.215916949,-0.577016923
1/1/2006,5.345655379,-0.616893077
4/1/2006,1.0336743,-0.58694
7/1/2006,0.599374416,-0.582376154
10/1/2006,3.423110226,-0.626192308
1/1/2007,1.201536247,-0.653645385
4/1/2007,2.439593166,-0.56528
7/1/2007,2.297492444,-0.063176923
10/1/2007,2.505086205,0.270156923
1/1/2008,-1.710710236,0.650987692
4/1/2008,2.374650373,0.626820769
7/1/2008,-2.106569521,0.92842
10/1/2008,-8.853365096,2.755290769
1/1/2009,-4.565452544,2.164058462
4/1/2009,-0.715242887,1.123385385
7/1/2009,1.402308619,0.344933077
10/1/2009,4.300454152,-0.019100769
1/1/2010,1.933324088,-0.253463077
4/1/2010,3.851739929,-0.230873846
7/1/2010,3.072509082,-0.248294615
10/1/2010,2.094945458,-0.447750714
1/1/2011,-0.949946694,-0.575478333
4/1/2011,2.697214987,-0.570700769
7/1/2011,-0.089260902,-0.254191429
10/1/2011,4.467158725,-0.092613846
1/1/2012,3.340376728,-0.367745385
4/1/2012,1.781366507,-0.317901538
7/1/2012,0.575697506,-0.424818462
10/1/2012,0.462294966,-0.561884615
1/1/2013,3.926903706,-0.650556154
4/1/2013,1.069115306,-0.688947692
7/1/2013,3.391158621,-0.666158462
10/1/2013,3.471856095,-0.752727692
1/1/2014,-1.38277126,-0.777812308
4/1/2014,5.134276092,-0.784926923
7/1/2014,4.83225933,-0.730702308
10/1/2014,2.017834406,-0.63703
1/1/2015,3.585819151,-0.528269231
4/1/2015,2.469978633,-0.555720769
7/1/2015,1.597784846,-0.461996154
10/1/2015,0.737236691,-0.429049231
1/1/2016,2.311386607,-0.307976154
4/1/2016,1.282438265,-0.375996923
7/1/2016,2.827543676,-0.359160714
10/1/2016,2.211074114,-0.421232308
1/1/2017,1.942834932,-0.492638462
4/1/2017,2.233244405,-0.539765385
7/1/2017,3.141726103,-0.574012308
10/1/2017,4.482971108,-0.606509231
1/1/2018,3.24047782,-0.565336923
4/1/2018,2.117684922,-0.5475
7/1/2018,2.48704193,-0.581928462
10/1/2018,0.566175993,-0.4998
1/1/2019,2.489509163,-0.54537
4/1/2019,3.326711173,-0.592263077
7/1/2019,4.652841032,-0.544707692
10/1/2019,2.718254387,-0.551181538
1/1/2020,-5.300247883,-0.344124615
4/1/2020,-32.81728242,-0.07056
7/1/2020,29.90299854,-0.476643846
10/1/2020,4.508555863,-0.539643846
1/1/2021,5.544658614,-0.624916154
4/1/2021,6.750285417,-0.681904615
7/1/2021,3.286671657,-0.655769231
10/1/2021,6.804809236,-0.587533571
1/1/2022,-1.020495165,-0.472839167
4/1/2022,0.62569838,-0.286274615
7/1/2022,2.87722533,-0.186462857
10/1/2022,2.75147654,-0.160907692
1/1/2023,2.88497468,-0.249540769
4/1/2023,2.503636219,-0.202840769
7/1/2023,4.588010958,-0.305190769
10/1/2023,3.362059611,-0.318806154
1/1/2024,0.838565766,-0.415156923
4/1/2024,3.526355417,-0.409823077
7/1/2024,3.28558126,-0.387249231
10/1/2024,1.835281971,-0.461646154
