date,doilprod,igrea,rpoil
1973-02-01,11.877264,29.223341,-249.143957
1973-03-01,1.419150,38.340425,-250.069890
1973-04-01,1.177711,42.741622,-250.758756
1973-05-01,27.455136,50.019002,-251.215378
1973-06-01,-13.110436,57.478446,-251.896424
1973-07-01,36.258073,58.945740,-251.896424
1973-08-01,-14.084422,69.465967,-234.572459
1973-09-01,20.836550,80.895531,-235.015918
1973-10-01,-23.715772,106.819960,-235.896981
1973-11-01,-59.708188,103.851190,-236.552721
1973-12-01,9.121300,113.858010,-237.420406
1974-01-01,26.176654,105.390450,-153.235817
1974-02-01,10.102647,88.451221,-154.298526
1974-03-01,9.230979,98.038150,-155.350061
1974-04-01,15.544122,86.064374,-155.975714
1974-05-01,3.545798,103.822690,-157.009850
1974-06-01,-8.852559,82.154747,-157.829527
1974-07-01,-23.292599,61.853529,-158.439905
1974-08-01,-31.902449,58.489377,-159.649597
1974-09-01,11.852437,60.239114,-161.042654
1974-10-01,3.757718,61.394749,-151.948968
1974-11-01,1.634863,58.810828,-152.924585
1974-12-01,-10.765544,21.648940,-153.698283
1975-01-01,-48.806907,-0.914310,-154.466041
1975-02-01,-23.393275,-9.860692,-155.038016
1975-03-01,-1.915627,-26.662498,-155.417523
1975-04-01,-8.917438,-41.414902,-155.795596
1975-05-01,5.522545,-44.079360,-155.984097
1975-06-01,29.962196,-36.933297,-156.734570
1975-07-01,31.172343,-41.916203,-157.664809
1975-08-01,25.594092,-45.627653,-158.034495
1975-09-01,37.025790,-34.417278,-158.769793
1975-10-01,-118.887494,-34.007338,-159.317739
1975-11-01,41.380641,-24.108645,-160.043695
1975-12-01,16.223125,-35.730104,-160.584724
1976-01-01,-17.554891,-46.034326,-160.943791
1976-02-01,31.913337,-50.292748,-153.616085
1976-03-01,29.585541,-32.562776,-153.214624
1976-04-01,-22.131420,-28.973323,-152.816191
1976-05-01,5.125184,-19.378746,-153.349525
1976-06-01,38.757941,-16.249763,-153.880030
1976-07-01,7.205715,-21.558636,-154.407736
1976-08-01,8.473668,-24.042086,-154.932672
1976-09-01,18.511911,-24.774272,-142.163373
1976-10-01,36.208383,-20.862697,-142.682854
1976-11-01,11.154960,-19.432734,-143.027682
1976-12-01,29.306982,-35.834065,-143.542705
1977-01-01,-113.329475,-49.215262,-144.055089
1977-02-01,77.983205,-45.125576,-145.072047
1977-03-01,9.754309,-45.462834,-145.576673
1977-04-01,-18.950365,-43.583299,-146.245572
1977-05-01,-38.987625,-35.834978,-146.578351
1977-06-01,18.314101,-40.609887,-147.075452
1977-07-01,-23.143414,-44.405716,-147.570095
1977-08-01,16.960978,-47.111620,-141.451200
1977-09-01,24.920395,-47.271050,-141.777998
1977-10-01,-2.558935,-33.041125,-142.266201
1977-11-01,22.836310,-33.521008,-142.913452
1977-12-01,24.046875,-38.092305,-143.396156
1978-01-01,-113.881538,-38.564939,-144.036158
1978-02-01,31.392494,-38.874898,-144.513486
1978-03-01,10.447789,-39.340443,-145.146400
1978-04-01,18.112863,-39.958625,-145.931950
1978-05-01,-20.588292,-22.856663,-146.866536
1978-06-01,28.033693,-17.292143,-147.638740
1978-07-01,-8.553108,-25.895332,-148.405028
1978-08-01,16.052011,-26.336793,-149.013858
1978-09-01,41.425870,-14.070463,-149.920208
1978-10-01,8.211672,-18.107390,-150.818418
1978-11-01,2.819944,-4.084334,-151.412773
1978-12-01,-26.224139,-7.086221,-152.003617
1979-01-01,-30.395834,-16.364168,-152.883388
1979-02-01,6.466551,-10.912215,-147.383136
1979-03-01,22.800548,6.988446,-148.389615
1979-04-01,23.845993,8.967662,-149.386064
1979-05-01,-3.880931,28.772195,-137.238593
1979-06-01,4.815830,46.057501,-132.975171
1979-07-01,12.012340,54.084146,-121.084568
1979-08-01,-2.400436,36.989248,-102.285807
1979-09-01,-4.587393,43.558017,-95.955185
1979-10-01,8.440876,43.485737,-95.285540
1979-11-01,6.113680,48.997081,-89.674614
1979-12-01,-8.737994,35.186239,-86.126579
1980-01-01,-21.780771,34.565108,-87.546874
1980-02-01,7.057143,39.921381,-75.852994
1980-03-01,-20.616173,41.899737,-74.568969
1980-04-01,-24.703838,60.232476,-71.691315
1980-05-01,-12.234320,63.390489,-72.675333
1980-06-01,4.605004,56.631275,-73.649762
1980-07-01,-8.020092,44.519443,-73.770901
1980-08-01,-3.283603,53.274158,-78.366119
1980-09-01,-23.404957,54.524783,-84.610668
1980-10-01,-51.635102,54.411097,-85.559666
1980-11-01,17.629034,64.238277,-86.616634
1980-12-01,28.852567,67.877664,-84.806976
1981-01-01,-3.233447,63.570469,-83.061817
1981-02-01,5.477916,61.382937,-83.975065
1981-03-01,13.392606,49.861764,-84.654570
1981-04-01,-20.695131,45.512374,-85.217317
1981-05-01,-16.926428,35.444502,-85.888461
1981-06-01,-14.481720,40.701162,-92.183091
1981-07-01,-27.905974,32.353172,-93.282003
1981-08-01,-20.603923,14.760884,-94.044119
1981-09-01,2.459362,12.687902,-95.015525
1981-10-01,8.073709,15.222010,-98.154328
1981-11-01,-12.686365,14.255432,-95.764592
1981-12-01,21.295614,7.312075,-98.900999
1982-01-01,-5.534005,2.737128,-102.560207
1982-02-01,-14.094586,-6.603123,-109.882350
1982-03-01,-41.144816,2.623427,-120.151191
1982-04-01,-30.203598,10.570649,-104.382511
1982-05-01,19.756817,7.424819,-98.173338
1982-06-01,44.158066,-16.916722,-101.736491
1982-07-01,-9.413403,-41.214983,-104.879701
1982-08-01,-1.756349,-43.558837,-105.701271
1982-09-01,-3.271885,-27.753207,-100.871358
1982-10-01,38.182463,-27.185458,-101.139706
1982-11-01,12.823165,-24.590509,-105.420489
1982-12-01,-24.833825,-19.837806,-112.495416
1983-01-01,-33.391355,-17.806948,-114.384902
1983-02-01,-69.058391,-12.930914,-121.939727
1983-03-01,22.053561,-10.040182,-122.491778
1983-04-01,5.262290,-7.350519,-117.177085
1983-05-01,39.375129,-7.555443,-119.594063
1983-06-01,4.775534,-22.491555,-116.516491
1983-07-01,39.798709,-33.745702,-114.811413
1983-08-01,-3.363845,-34.788641,-114.325025
1983-09-01,14.313218,-31.770434,-117.163290
1983-10-01,-5.691709,-28.801056,-119.836685
1983-11-01,8.017326,-21.422985,-122.026035
1983-12-01,-17.607971,-31.744817,-124.353546
1984-01-01,2.562577,-29.878212,-123.514244
1984-02-01,0.000000,-23.246973,-122.481886
1984-03-01,-8.407460,-18.997681,-120.750999
1984-04-01,12.994529,-15.025459,-121.604930
1984-05-01,-12.086956,-15.659549,-122.118941
1984-06-01,26.480030,-24.511887,-124.140534
1984-07-01,-19.838048,-29.400377,-128.664465
1984-08-01,-32.520623,-28.550963,-127.235010
1984-09-01,7.393239,-25.406600,-127.313625
1984-10-01,9.556988,-24.134183,-129.575291
1984-11-01,1.314556,-16.588296,-132.111502
1984-12-01,-6.564837,-19.745653,-142.282070
1985-01-01,-23.012856,-23.300387,-141.641226
1985-02-01,33.246366,-27.629504,-136.044142
1985-03-01,6.376752,-25.898809,-133.028934
1985-04-01,-9.822762,-20.915035,-131.227985
1985-05-01,-31.124884,-24.936895,-135.604749
1985-06-01,-33.644465,-34.440659,-137.637166
1985-07-01,22.118940,-50.184706,-137.140117
1985-08-01,-3.164735,-57.643216,-135.778887
1985-09-01,43.408191,-50.092724,-134.058369
1985-10-01,36.451324,-37.021516,-130.107260
1985-11-01,11.394092,-36.200321,-126.341120
1985-12-01,4.728248,-36.048630,-139.167869
1986-01-01,-17.638203,-37.801479,-156.647081
1986-02-01,-0.346752,-51.753432,-196.065830
1986-03-01,-11.740136,-55.394741,-215.714053
1986-04-01,0.940825,-61.557125,-213.548147
1986-05-01,25.855376,-66.392981,-195.412730
1986-06-01,16.791814,-69.352825,-209.462014
1986-07-01,23.783018,-80.977396,-224.707695
1986-08-01,14.970890,-78.312727,-198.267257
1986-09-01,-84.335407,-54.271842,-199.824705
1986-10-01,6.755654,-48.823130,-200.416236
1986-11-01,18.454081,-51.141924,-198.235429
1986-12-01,4.671101,-60.131608,-193.039930
1987-01-01,-13.678793,-46.534251,-178.695952
1987-02-01,-15.807464,-41.805297,-184.167907
1987-03-01,-16.085115,-35.095784,-181.310875
1987-04-01,12.990774,-25.198315,-179.925868
1987-05-01,16.823470,-19.449409,-176.134186
1987-06-01,-3.928346,-30.736625,-173.437201
1987-07-01,52.424940,-33.680017,-167.315662
1987-08-01,14.993086,-18.796063,-172.948729
1987-09-01,-12.456966,-22.342843,-177.057311
1987-10-01,4.663259,-17.340631,-175.682888
1987-11-01,-9.782578,-12.327942,-180.818479
1987-12-01,1.479771,-5.137575,-190.284569
1988-01-01,-17.984545,2.878773,-191.100910
1988-02-01,2.724418,14.127932,-193.601946
1988-03-01,8.408695,19.222619,-197.183120
1988-04-01,7.330403,11.681992,-188.047879
1988-05-01,-7.854224,5.233589,-190.778660
1988-06-01,-4.977212,-5.077108,-196.550771
1988-07-01,6.401470,-11.434506,-203.420198
1988-08-01,23.423669,-9.366362,-203.673628
1988-09-01,9.955679,-4.817359,-211.144618
1988-10-01,31.722741,-1.906994,-216.213441
1988-11-01,9.577854,7.870708,-215.257550
1988-12-01,4.515490,11.342891,-200.423109
1989-01-01,-57.024621,17.810795,-190.801521
1989-02-01,-9.863013,12.248823,-192.007890
1989-03-01,8.608847,17.570901,-183.806908
1989-04-01,9.058039,17.004471,-176.657165
1989-05-01,-2.882135,21.561694,-182.052828
1989-06-01,1.799591,3.150561,-182.510545
1989-07-01,9.464654,1.073675,-184.653377
1989-08-01,16.430614,2.455778,-190.534650
1989-09-01,2.736649,3.932892,-185.148906
1989-10-01,8.747264,10.641069,-183.123667
1989-11-01,16.817328,18.183841,-184.879641
1989-12-01,-7.386327,14.598080,-178.995587
1990-01-01,-6.127639,16.529341,-172.835394
1990-02-01,5.065919,13.095167,-175.609073
1990-03-01,16.138572,12.543624,-184.028995
1990-04-01,-7.143747,2.707686,-193.684354
1990-05-01,-11.968706,-6.195701,-195.713480
1990-06-01,-15.799888,-15.023820,-204.116875
1990-07-01,2.195829,-25.005059,-194.617072
1990-08-01,-74.544586,-15.989292,-157.750639
1990-09-01,52.362734,-18.586027,-136.947064
1990-10-01,7.493442,-14.569948,-131.200221
1990-11-01,16.720958,-9.606552,-142.053125
1990-12-01,4.987051,-0.330141,-159.109013
1991-01-01,-3.693594,0.296947,-168.581560
1991-02-01,-6.301321,10.052788,-188.224599
1991-03-01,4.629512,17.992812,-191.508454
1991-04-01,-26.133946,10.540456,-186.995710
1991-05-01,-4.016621,14.375657,-185.382318
1991-06-01,4.505038,16.559688,-190.721984
1991-07-01,19.235289,8.086454,-184.979933
1991-08-01,-15.193137,2.925178,-184.029783
1991-09-01,19.111247,6.033687,-183.545969
1991-10-01,0.937648,10.376052,-177.608127
1991-11-01,4.518355,10.973935,-181.384482
1991-12-01,8.256164,5.533740,-195.741603
1992-01-01,-21.228277,2.659240,-199.450510
1992-02-01,-2.733979,-10.695385,-198.741630
1992-03-01,-22.764293,-18.022679,-199.518497
1992-04-01,-3.344986,-21.838463,-192.953844
1992-05-01,-4.387896,-14.171008,-189.783606
1992-06-01,-2.072443,-22.175416,-183.441219
1992-07-01,10.149200,-31.602193,-186.518002
1992-08-01,0.260185,-31.554355,-188.628870
1992-09-01,11.068820,-32.920602,-186.289090
1992-10-01,8.394183,-32.326493,-187.695303
1992-11-01,-4.519929,-19.559796,-194.384332
1992-12-01,2.368718,-7.754771,-199.230368
1993-01-01,-5.859306,-12.376644,-201.306647
1993-02-01,11.572860,-10.212887,-196.516492
1993-03-01,-23.674681,-2.094130,-195.200685
1993-04-01,-4.559339,1.937507,-195.928148
1993-05-01,-0.811404,8.018630,-197.847346
1993-06-01,-6.305749,4.681222,-202.377805
1993-07-01,10.860509,-6.801583,-209.038004
1993-08-01,-5.381663,-6.118019,-208.448185
1993-09-01,9.423164,-3.948795,-211.373318
1993-10-01,12.036340,-7.494522,-208.246810
1993-11-01,5.795898,-13.073080,-216.825778
1993-12-01,-2.866898,-18.248420,-231.082124
1994-01-01,31.847601,-18.731989,-227.760911
1994-02-01,-13.661542,-24.808326,-229.511477
1994-03-01,-2.328959,-25.434539,-230.598993
1994-04-01,-4.465524,-13.208998,-219.573113
1994-05-01,3.417988,-0.307687,-211.014541
1994-06-01,8.439208,-9.637536,-204.841995
1994-07-01,-2.348514,-5.657086,-202.183399
1994-08-01,-16.712424,-0.411440,-209.268319
1994-09-01,20.836762,3.266282,-214.604515
1994-10-01,11.079649,19.605573,-213.249782
1994-11-01,0.703749,22.448554,-211.338913
1994-12-01,9.547279,29.214842,-216.872064
1995-01-01,-9.039708,30.313097,-212.414704
1995-02-01,8.850163,28.867376,-209.722633
1995-03-01,-10.242476,38.686423,-209.813367
1995-04-01,8.295645,41.241946,-203.335281
1995-05-01,-9.330042,40.812501,-204.189117
1995-06-01,-8.124297,29.348527,-211.307161
1995-07-01,20.069079,27.573834,-217.711362
1995-08-01,-1.023845,33.409997,-213.774708
1995-09-01,5.124610,29.591570,-212.802271
1995-10-01,-9.742508,13.684140,-217.493415
1995-11-01,14.335871,10.041360,-214.518660
1995-12-01,-1.407178,8.125025,-208.976101
1996-01-01,3.299839,3.104304,-210.338460
1996-02-01,11.075537,-4.501956,-209.530870
1996-03-01,-5.295524,-8.275348,-198.512572
1996-04-01,-4.249720,-3.490285,-189.052211
1996-05-01,-7.451151,-6.302553,-199.605993
1996-06-01,10.420616,-16.980723,-203.635027
1996-07-01,5.123334,-29.909529,-199.660021
1996-08-01,-2.440050,-32.773484,-196.829626
1996-09-01,4.695744,-38.217918,-188.305742
1996-10-01,3.983946,-28.924388,-184.899225
1996-11-01,10.539726,-4.452845,-190.111873
1996-12-01,10.397056,-2.014060,-183.517754
1997-01-01,3.335659,-3.664438,-184.576396
1997-02-01,5.022045,-5.341451,-197.275442
1997-03-01,-7.516284,-2.898197,-202.987690
1997-04-01,15.850853,-9.179281,-209.291527
1997-05-01,-12.472479,-16.612411,-203.815436
1997-06-01,-16.447230,-17.102704,-212.307648
1997-07-01,15.005944,-11.930772,-210.061169
1997-08-01,14.440888,-15.505611,-208.793522
1997-09-01,3.961133,-15.355119,-209.746907
1997-10-01,19.299350,-13.313327,-202.767777
1997-11-01,-6.328078,-20.066557,-208.154641
1997-12-01,-2.528676,-20.122824,-217.836765
1998-01-01,13.885979,-26.689509,-227.158899
1998-02-01,9.869510,-42.530081,-231.126463
1998-03-01,-2.624854,-35.497272,-237.821369
1998-04-01,-7.605536,-42.420299,-235.186860
1998-05-01,-11.018901,-42.804580,-239.262016
1998-06-01,-0.844720,-51.711797,-247.805060
1998-07-01,-6.004873,-58.355224,-245.022109
1998-08-01,-21.956211,-63.314424,-250.393601
1998-09-01,-3.001772,-54.465389,-239.210169
1998-10-01,9.703847,-42.458722,-243.272296
1998-11-01,16.380793,-44.986787,-254.713219
1998-12-01,3.268083,-57.185256,-267.927124
1999-01-01,-4.941083,-62.770650,-258.079988
1999-02-01,-0.896967,-58.575892,-261.838600
1999-03-01,-6.424213,-43.912233,-241.960992
1999-04-01,-21.557754,-48.958765,-225.836923
1999-05-01,-14.167555,-34.837825,-223.560227
1999-06-01,-2.048128,-41.886061,-222.774589
1999-07-01,11.196978,-43.360260,-211.696963
1999-08-01,2.507503,-36.608357,-206.176506
1999-09-01,-3.902930,-27.728599,-194.973151
1999-10-01,11.863557,-12.175310,-200.484079
1999-11-01,7.721619,-12.560360,-190.866700
1999-12-01,-12.318656,-11.957842,-186.754585
2000-01-01,3.299865,-10.022796,-182.919088
2000-02-01,13.282868,-8.676113,-175.650589
2000-03-01,3.292749,6.001389,-174.413958
2000-04-01,9.191108,9.087200,-189.303239
2000-05-01,7.189660,5.101905,-178.315176
2000-06-01,-6.392947,3.872065,-168.824735
2000-07-01,13.037784,5.558087,-175.805481
2000-08-01,9.665233,7.015004,-171.049707
2000-09-01,-1.066020,11.020189,-163.392893
2000-10-01,13.432007,12.291755,-165.955155
2000-11-01,15.061542,11.592312,-162.214750
2000-12-01,-26.157082,4.742969,-181.399805
2001-01-01,6.140588,1.630407,-178.111022
2001-02-01,-10.604780,-4.145597,-178.237185
2001-03-01,9.527165,-2.491894,-186.636553
2001-04-01,-12.472276,-6.779651,-186.184623
2001-05-01,-14.582346,-6.497702,-182.303887
2001-06-01,-29.301394,-11.583293,-186.228096
2001-07-01,42.451723,-24.423886,-190.315091
2001-08-01,2.021838,-45.090583,-186.531257
2001-09-01,-12.251972,-48.953790,-192.887472
2001-10-01,-0.695051,-53.606772,-207.899119
2001-11-01,-2.317691,-58.289941,-219.987598
2001-12-01,1.471160,-56.327044,-221.674878
2002-01-01,-7.589459,-49.552036,-220.100210
2002-02-01,2.512362,-46.485948,-214.971935
2002-03-01,-10.824868,-36.219405,-198.918613
2002-04-01,-15.997086,-35.378755,-192.063278
2002-05-01,14.790843,-39.494090,-189.359788
2002-06-01,0.796273,-43.130389,-195.126970
2002-07-01,16.281899,-43.891494,-189.934468
2002-08-01,-4.870195,-42.594460,-185.004611
2002-09-01,0.768157,-26.072167,-180.725501
2002-10-01,25.057832,-11.731142,-183.749140
2002-11-01,3.742961,-5.000998,-193.282805
2002-12-01,-12.111582,8.200128,-182.123247
2003-01-01,47.337371,9.595123,-171.261024
2003-02-01,22.647688,8.028678,-163.285819
2003-03-01,0.641050,18.029748,-170.135527
2003-04-01,-23.138163,29.524506,-186.948499
2003-05-01,-3.203816,37.636171,-187.174750
2003-06-01,-3.227510,33.342750,-178.511854
2003-07-01,7.833645,35.770909,-178.708885
2003-08-01,7.882903,39.702651,-176.480885
2003-09-01,-0.680052,47.002999,-187.838783
2003-10-01,21.823771,99.764060,-180.767782
2003-11-01,6.919971,101.945660,-178.346960
2003-12-01,9.844576,109.952320,-175.264243
2004-01-01,-7.752094,122.310260,-169.308794
2004-02-01,-0.930231,126.402710,-168.161129
2004-03-01,8.787105,120.324550,-162.723294
2004-04-01,-6.756245,106.964650,-163.074113
2004-05-01,7.151446,84.525246,-154.165016
2004-06-01,23.465342,62.879164,-160.310544
2004-07-01,5.289201,89.320174,-153.629361
2004-08-01,-16.535119,99.282817,-143.747639
2004-09-01,7.180488,98.459673,-141.841704
2004-10-01,11.509660,107.278500,-127.848402
2004-11-01,0.762496,122.644950,-137.519293
2004-12-01,-5.851485,126.691640,-148.708641
2005-01-01,-8.794150,106.543690,-140.867233
2005-02-01,13.054175,106.958550,-138.900072
2005-03-01,-0.622797,109.933490,-126.849982
2005-04-01,8.826580,106.619890,-129.526422
2005-05-01,3.956663,85.659951,-135.717696
2005-06-01,-9.814256,56.962012,-123.632677
2005-07-01,1.193415,35.138776,-120.004688
2005-08-01,1.540707,34.105025,-110.469911
2005-09-01,-20.910221,56.846222,-110.918102
2005-10-01,10.841230,68.846945,-116.072282
2005-11-01,11.090439,61.450277,-122.316986
2005-12-01,1.929050,50.147509,-120.397280
2006-01-01,-5.648591,35.784743,-111.260842
2006-02-01,7.639999,43.640615,-117.416409
2006-03-01,1.980258,49.806717,-115.527008
2006-04-01,-11.786147,44.181089,-105.775442
2006-05-01,-5.443365,43.112507,-104.296188
2006-06-01,6.785235,53.739692,-104.516077
2006-07-01,16.040200,64.887974,-100.312291
2006-08-01,-15.676552,83.579908,-102.599498
2006-09-01,-1.108469,93.357563,-115.537050
2006-10-01,2.715817,93.696990,-123.227105
2006-11-01,-1.993524,97.757917,-122.447865
2006-12-01,-6.906386,100.807360,-118.608033
2007-01-01,4.868029,103.673420,-131.587209
2007-02-01,7.442784,102.008990,-123.729268
2007-03-01,-3.241255,116.916720,-122.077926
2007-04-01,0.616778,128.399980,-116.899582
2007-05-01,-6.437956,138.826420,-118.112473
2007-06-01,-3.898907,128.403200,-112.201733
2007-07-01,12.880174,141.372620,-102.913303
2007-08-01,-15.079554,150.565980,-105.386767
2007-09-01,5.897576,167.845290,-95.901318
2007-10-01,19.523033,187.252050,-88.657275
2007-11-01,-8.637620,187.762140,-80.120222
2007-12-01,6.626249,180.881660,-83.511544
2008-01-01,-3.404125,148.907670,-82.534498
2008-02-01,1.525112,144.617600,-80.226727
2008-03-01,3.552397,160.381760,-70.411373
2008-04-01,-8.978075,163.058190,-64.212970
2008-05-01,4.896943,189.527940,-54.017612
2008-06-01,0.341737,182.970720,-48.471145
2008-07-01,12.087844,168.756310,-49.549285
2008-08-01,-17.389501,150.252370,-62.882017
2008-09-01,-16.153847,110.588270,-74.508103
2008-10-01,16.060527,10.398785,-104.062471
2008-11-01,-2.525532,-66.836682,-131.126929
2008-12-01,-12.486801,-75.581357,-163.968286
2009-01-01,-17.507492,-55.942856,-162.481029
2009-02-01,6.443593,13.506570,-169.225041
2009-03-01,-2.734418,21.301442,-148.813420
2009-04-01,4.686539,4.797299,-145.211087
2009-05-01,-6.576960,47.412534,-128.114981
2009-06-01,2.172128,87.640504,-112.574747
2009-07-01,15.743850,74.987731,-120.907445
2009-08-01,-8.852810,52.335283,-110.918107
2009-09-01,7.181059,39.025753,-113.388363
2009-10-01,7.429829,54.423832,-104.927001
2009-11-01,2.007256,90.385820,-102.324117
2009-12-01,-4.920078,80.670301,-107.338420
2010-01-01,2.977016,68.770298,-102.261831
2010-02-01,5.090088,52.229867,-104.494700
2010-03-01,3.970691,70.390672,-98.411502
2010-04-01,-3.977969,65.285834,-94.523795
2010-05-01,-0.324897,88.715946,-107.933228
2010-06-01,-5.907015,67.182426,-105.867006
2010-07-01,4.047085,19.121005,-104.709154
2010-08-01,-2.037901,43.303416,-104.267677
2010-09-01,5.025829,54.464410,-106.414281
2010-10-01,5.390466,53.323363,-98.373254
2010-11-01,5.251309,38.371900,-95.928009
2010-12-01,1.454209,24.791431,-90.668500
2011-01-01,12.103390,-12.499182,-90.566413
2011-02-01,-6.912027,-29.735218,-90.708574
2011-03-01,-16.775543,-6.641273,-77.323173
2011-04-01,-2.496402,-17.530376,-71.121721
2011-05-01,-10.225681,-16.983186,-79.685529
2011-06-01,12.791398,-11.010833,-84.787334
2011-07-01,6.340110,-15.944659,-84.118659
2011-08-01,7.378240,-14.535061,-96.282675
2011-09-01,-9.920861,13.703516,-97.337101
2011-10-01,9.226077,25.679145,-96.474468
2011-11-01,15.539524,13.509189,-84.882065
2011-12-01,5.598933,15.461625,-83.516496
2012-01-01,2.657810,-43.311247,-82.108510
2012-02-01,3.473882,-82.513968,-80.336678
2012-03-01,-1.680678,-62.465612,-76.764891
2012-04-01,4.937651,-45.228408,-79.661051
2012-05-01,-10.897366,-37.239203,-88.175394
2012-06-01,-3.205659,-53.098091,-101.993445
2012-07-01,3.991731,-41.005472,-95.538896
2012-08-01,-0.320166,-74.245316,-89.272726
2012-09-01,-9.029053,-81.883242,-89.155747
2012-10-01,9.637955,-52.193165,-95.015537
2012-11-01,8.353189,-44.550578,-98.150264
2012-12-01,-1.827741,-62.389882,-96.320027
2013-01-01,-8.835723,-72.895157,-89.474439
2013-02-01,-3.351101,-76.653366,-89.352838
2013-03-01,3.247287,-59.988096,-91.481517
2013-04-01,6.661777,-59.851697,-92.331283
2013-05-01,-2.110667,-62.347805,-89.450665
2013-06-01,0.846820,-52.462998,-88.639095
2013-07-01,8.030776,-34.744838,-80.037003
2013-08-01,-3.818719,-37.985028,-78.419158
2013-09-01,-7.346780,5.612339,-78.719929
2013-10-01,4.377816,17.111505,-84.334993
2013-11-01,4.704701,-1.805970,-91.394406
2013-12-01,6.603020,31.545438,-87.720423
2014-01-01,3.437985,-7.682731,-91.094143
2014-02-01,7.529920,-33.225702,-84.857372
2014-03-01,-9.909941,-6.868258,-85.081209
2014-04-01,-3.176182,-41.935699,-84.015404
2014-05-01,2.667116,-47.252302,-84.097813
2014-06-01,4.671135,-55.616816,-80.757835
2014-07-01,3.911216,-69.173645,-82.971840
2014-08-01,5.108118,-52.616558,-90.004176
2014-09-01,11.204134,-34.383741,-93.521576
2014-10-01,14.818565,-36.154722,-103.430544
2014-11-01,-3.544489,-16.737429,-114.002205
2014-12-01,13.018333,-54.414352,-138.245837
2015-01-01,-11.055855,-76.266196,-160.369081
2015-02-01,-1.744395,-105.949660,-153.748353
2015-03-01,13.943272,-99.494195,-159.628614
2015-04-01,-5.898256,-96.793089,-146.748919
2015-05-01,-0.896877,-96.004047,-138.596108
2015-06-01,6.723064,-80.333223,-137.948840
2015-07-01,7.584710,-47.016522,-154.255060
2015-08-01,-3.831243,-38.003511,-171.423704
2015-09-01,-1.642156,-55.761842,-165.288653
2015-10-01,-0.676099,-67.084977,-163.773559
2015-11-01,9.917531,-97.931375,-172.425079
2015-12-01,2.626749,-109.121840,-185.522606
2016-01-01,-1.067280,-138.469690,-201.512185
2016-02-01,-11.083401,-161.176940,-205.766930
2016-03-01,-1.707114,-139.085820,-184.693337
2016-04-01,-11.619195,-93.259978,-176.897424
2016-05-01,-11.924332,-91.304221,-163.483311
2016-06-01,10.729523,-93.374823,-159.465319
2016-07-01,11.326684,-77.988463,-168.220536
2016-08-01,-8.528896,-83.008488,-168.248635
2016-09-01,5.485443,-62.390258,-167.487245
2016-10-01,17.141295,-57.656730,-158.025361
2016-11-01,14.507139,-36.570032,-166.782252
2016-12-01,-8.038968,-38.756253,-154.089987
2017-01-01,-14.529500,-53.572099,-153.478826
2017-02-01,-1.815071,-71.334415,-151.807207
2017-03-01,-7.386844,-30.379441,-159.819309
2017-04-01,-7.597612,-23.524961,-156.495748
2017-05-01,11.825185,-46.037850,-161.603328
2017-06-01,3.715013,-58.269049,-168.718152
2017-07-01,6.949136,-52.944917,-165.591952
2017-08-01,-6.336639,-30.037123,-162.997087
2017-09-01,2.034083,-12.630063,-159.868176
2017-10-01,3.192823,-4.057980,-156.473902
2017-11-01,6.744470,-6.224026,-147.382202
2017-12-01,-5.256430,4.471980,-145.427024
2018-01-01,7.072151,-22.274349,-136.270191
2018-02-01,3.438340,-32.305405,-138.873794
2018-03-01,-1.238508,-29.576595,-138.092768
2018-04-01,-3.916089,-31.859517,-132.893304
2018-05-01,-1.222621,-18.354408,-127.641442
2018-06-01,2.426313,-13.815125,-130.793054
2018-07-01,10.406368,6.193223,-126.390702
2018-08-01,5.950485,9.753827,-130.770122
2018-09-01,2.105618,-6.984913,-127.837548
2018-10-01,12.420009,-0.498082,-127.333536
2018-11-01,5.085349,-26.199404,-148.943419
2018-12-01,-6.636714,-14.770629,-163.009149
2019-01-01,-24.141551,-37.305349,-159.240381
2019-02-01,-0.401378,-89.909568,-152.822588
2019-03-01,-4.185914,-82.323512,-147.539835
2019-04-01,-1.223405,-69.712781,-138.548367
2019-05-01,-6.411362,-40.285755,-143.434057
2019-06-01,-0.561374,-27.580912,-154.096631
2019-07-01,-5.908981,18.908105,-149.523086
2019-08-01,15.927918,24.800839,-154.144540
2019-09-01,-24.583417,37.718795,-150.468203
2019-10-01,27.704911,16.501615,-156.143598
2019-11-01,12.052559,-8.829701,-150.891304
2019-12-01,2.291449,-11.667584,-146.305591
