Date,INFL,UNRATE,TB3MS
1953-01-01,0.0896090807614769,2.7,1.98
1953-04-01,0.805579655420274,2.56666666666667,2.15333333333333
1953-07-01,1.66567760030834,2.73333333333333,1.95666666666667
1953-10-01,0.741372492321091,3.7,1.47333333333333
1954-01-01,1.27195522229009,5.26666666666667,1.06
1954-04-01,0.354243565588241,5.8,0.79
1954-07-01,0.530777814704564,5.96666666666667,0.883333333333333
1954-10-01,1.08883642734803,5.33333333333333,1.02
1955-01-01,1.87642358324336,4.73333333333333,1.22333333333333
1955-04-01,1.63468081262792,4.4,1.48333333333333
1955-07-01,2.78686082674646,4.1,1.85666666666667
1955-10-01,3.94375473452353,4.23333333333333,2.33666666666667
1956-01-01,3.99034234111184,4.03333333333333,2.32666666666667
1956-04-01,2.34704289371166,4.2,2.56666666666667
1956-07-01,4.98745604056179,4.13333333333333,2.58333333333333
1956-10-01,1.61178486804818,4.13333333333333,3.03333333333333
1957-01-01,5.45387873357104,3.93333333333333,3.09666666666667
1957-04-01,2.78081817918832,4.1,3.14
1957-07-01,2.38370042462552,4.23333333333333,3.35333333333333
1957-10-01,0.269978411976979,4.93333333333333,3.31
1958-01-01,4.32175462036533,6.3,1.75666666666667
1958-04-01,1.146399958232,7.36666666666667,0.956666666666667
1958-07-01,2.44178317811983,7.33333333333333,1.68
1958-10-01,1.90061731572442,6.36666666666667,2.69
1959-01-01,0.920659335186613,5.83333333333333,2.77333333333333
1959-04-01,0.630086767199067,5.1,3
1959-07-01,1.54475727908956,5.26666666666667,3.54
1959-10-01,1.5648451854501,5.6,4.23
1960-01-01,1.58467490911445,5.13333333333333,3.87333333333333
1960-04-01,1.00987268400861,5.23333333333333,2.99333333333333
1960-07-01,1.36831707962788,5.53333333333333,2.36
1960-10-01,1.1838135128496,6.26666666666667,2.30666666666667
1961-01-01,0.872746287317838,6.8,2.35
1961-04-01,0.922013470086824,7,2.30333333333333
1961-07-01,1.02197296267068,6.76666666666667,2.30333333333333
1961-10-01,1.24836889964772,6.2,2.46
1962-01-01,2.05512487851163,5.63333333333333,2.72333333333333
1962-04-01,0.657437406992578,5.53333333333333,2.71666666666667
1962-07-01,0.832886693957668,5.56666666666667,2.84
1962-10-01,0.831156046304748,5.53333333333333,2.81333333333333
1963-01-01,1.73231088265737,5.76666666666667,2.90666666666667
1963-04-01,0.700832417566843,5.73333333333333,2.94
1963-07-01,0.524819668553356,5.5,3.29333333333333
1963-10-01,3.23364735998357,5.56666666666667,3.49666666666667
1964-01-01,1.26147957257441,5.46666666666667,3.53
1964-04-01,0.91270737388971,5.2,3.47666666666667
1964-07-01,1.59837915940475,5,3.49666666666667
1964-10-01,1.81195216794379,4.96666666666667,3.68333333333333
1965-01-01,1.99829829517917,4.9,3.89
1965-04-01,1.84320947022876,4.66666666666667,3.87333333333333
1965-07-01,1.54561564042517,4.36666666666667,3.86666666666667
1965-10-01,2.73842049602724,4.1,4.16666666666667
1966-01-01,2.55332708903566,3.86666666666667,4.61
1966-04-01,3.26919202064744,3.83333333333333,4.58666666666667
1966-07-01,3.85069890928165,3.76666666666667,5.04333333333333
1966-10-01,3.3276319780537,3.7,5.21
1967-01-01,1.66503102184841,3.83333333333333,4.51333333333333
1967-04-01,2.0256704395397,3.83333333333333,3.66
1967-07-01,3.81619050421644,3.8,4.3
1967-10-01,4.43293013733275,3.9,4.75333333333333
1968-01-01,4.40658727504211,3.73333333333333,5.05
1968-04-01,4.20450872696758,3.56666666666667,5.52
1968-07-01,3.89926417435866,3.53333333333333,5.19666666666667
1968-10-01,5.60660746939696,3.4,5.58666666666667
1969-01-01,4.10610962383782,3.4,6.09333333333333
1969-04-01,5.05305485585446,3.43333333333333,6.19666666666667
1969-07-01,5.59128699125608,3.56666666666667,7.02333333333333
1969-10-01,5.12576810508776,3.56666666666667,7.35333333333333
1970-01-01,5.60586000659615,4.16666666666667,7.21
1970-04-01,5.52838043897577,4.76666666666667,6.67666666666667
1970-07-01,3.26888226229123,5.16666666666667,6.32666666666667
1970-10-01,5.2531749283915,5.83333333333333,5.35333333333333
1971-01-01,6.02997359176918,5.93333333333333,3.84
1971-04-01,5.22160821265558,5.9,4.25
1971-07-01,4.05004755051017,6.03333333333333,5.01
1971-10-01,3.32230923968417,5.93333333333333,4.23
1972-01-01,6.05065955112813,5.76666666666667,3.43666666666667
1972-04-01,2.482212747414,5.7,3.77
1972-07-01,3.80282641537324,5.56666666666667,4.22
1972-10-01,5.06823283372739,5.36666666666667,4.86333333333333
1973-01-01,4.58280287682182,4.93333333333333,5.7
1973-04-01,6.11072073519026,4.93333333333333,6.60333333333333
1973-07-01,7.704920664154,4.8,8.32333333333333
1973-10-01,7.89272330966444,4.76666666666667,7.5
1974-01-01,7.47839615460286,5.13333333333333,7.61666666666667
1974-04-01,9.34334890725363,5.2,8.15333333333333
1974-07-01,11.5589493270571,5.63333333333333,8.19
1974-10-01,11.5963452494082,6.6,7.36
1975-01-01,8.99081777910773,8.26666666666667,5.75
1975-04-01,5.89806343086696,8.86666666666667,5.39333333333333
1975-07-01,6.99902649210955,8.46666666666667,6.33
1975-10-01,6.64003779887796,8.3,5.62666666666667
1976-01-01,4.20416950504858,7.73333333333333,4.91666666666667
1976-04-01,4.00915777619293,7.56666666666667,5.15666666666667
1976-07-01,5.13896431802809,7.73333333333333,5.15
1976-10-01,7.106751762241,7.76666666666667,4.67333333333333
1977-01-01,6.37917172848184,7.5,4.63
1977-04-01,5.60634992499409,7.13333333333333,4.84
1977-07-01,4.83871679142851,6.9,5.49666666666667
1977-10-01,8.55485168393688,6.66666666666667,6.11
1978-01-01,5.76783666023477,6.33333333333333,6.39333333333333
1978-04-01,7.57945723983031,6,6.47666666666667
1978-07-01,6.73657157214915,6.03333333333333,7.31333333333333
1978-10-01,8.09799135744065,5.9,8.57
1979-01-01,7.22740561832591,5.86666666666667,9.38333333333333
1979-04-01,9.68021995487298,5.7,9.37666666666667
1979-07-01,8.65317285425569,5.86666666666667,9.67333333333333
1979-10-01,7.35378629335379,5.96666666666667,11.8433333333333
1980-01-01,8.31723663683608,6.3,13.3533333333333
1980-04-01,9.40412075971544,7.33333333333333,9.61666666666667
1980-07-01,8.83626216736637,7.66666666666667,9.15333333333333
1980-10-01,10.285486772162,7.4,13.6133333333333
1981-01-01,10.4002472752233,7.43333333333333,14.39
1981-04-01,7.84895159912384,7.4,14.9066666666667
1981-07-01,7.45899109557264,7.4,15.0533333333333
1981-10-01,6.85288432276341,8.23333333333333,11.75
1982-01-01,5.46497042600738,8.83333333333333,12.8133333333333
1982-04-01,5.16261884541009,9.43333333333334,12.42
1982-07-01,5.63506496431998,9.9,9.31666666666667
1982-10-01,4.12543842815865,10.6666666666667,7.90666666666667
1983-01-01,3.01100604873437,10.3666666666667,8.10666666666667
1983-04-01,2.9546746674276,10.1333333333333,8.39666666666667
1983-07-01,4.23248755675569,9.36666666666667,9.14
1983-10-01,3.01856758760017,8.53333333333333,8.8
1984-01-01,4.03350871023385,7.86666666666667,9.17
1984-04-01,3.40657575172489,7.43333333333333,9.79666666666667
1984-07-01,3.53948689861721,7.43333333333333,10.32
1984-10-01,2.97931967585328,7.3,8.80333333333333
1985-01-01,3.93557034011707,7.23333333333333,8.18333333333333
1985-04-01,2.56553258931476,7.3,7.46
1985-07-01,2.40798665475328,7.2,7.10666666666667
1985-10-01,2.22976920392881,7.03333333333333,7.16666666666667
1986-01-01,1.98457500481055,7.03333333333333,6.89666666666667
1986-04-01,1.5110001211081,7.16666666666667,6.14
1986-07-01,1.63627821036343,6.96666666666667,5.52333333333333
1986-10-01,2.17389752032169,6.83333333333333,5.35333333333333
1987-01-01,2.55055177757484,6.6,5.53666666666667
1987-04-01,2.76124745287021,6.26666666666667,5.65666666666667
1987-07-01,3.02001905280882,6,6.04333333333333
1987-10-01,3.17607295882816,5.83333333333333,5.86333333333333
1988-01-01,3.12151134164047,5.7,5.72333333333333
1988-04-01,3.87342821904166,5.46666666666667,6.21
1988-07-01,4.75529567541813,5.46666666666667,7.01
1988-10-01,3.44016946227867,5.33333333333333,7.72666666666667
1989-01-01,4.1491041958146,5.2,8.54
1989-04-01,4.23986121451776,5.23333333333333,8.41
1989-07-01,2.90864607349519,5.23333333333333,7.84333333333333
1989-10-01,2.83922992082992,5.36666666666667,7.65333333333333
1990-01-01,4.29327455678283,5.3,7.76
1990-04-01,4.45753411370511,5.33333333333333,7.74666666666667
1990-07-01,3.40983903902305,5.7,7.47666666666667
1990-10-01,2.9682752826222,6.13333333333333,6.99
1991-01-01,3.89736135978538,6.6,6.02333333333333
1991-04-01,2.92449405496811,6.83333333333333,5.56
1991-07-01,3.11772902591585,6.86666666666667,5.37666666666667
1991-10-01,2.36443678980649,7.1,4.54
1992-01-01,1.48277254537348,7.36666666666667,3.89333333333333
1992-04-01,2.3994426219172,7.6,3.68
1992-07-01,1.95253067634766,7.63333333333333,3.08333333333333
1992-10-01,2.74038847193943,7.36666666666667,3.07
1993-01-01,2.23797086581072,7.13333333333333,2.96
1993-04-01,2.37553093701948,7.06666666666667,2.96666666666667
1993-07-01,2.36771880018338,6.8,3.00333333333333
1993-10-01,2.17464233592288,6.63333333333333,3.06
1994-01-01,1.91084147464302,6.56666666666667,3.24333333333333
1994-04-01,1.92623637330023,6.2,3.98666666666667
1994-07-01,2.28835321560119,6,4.47666666666667
1994-10-01,2.16036328829929,5.63333333333333,5.28
1995-01-01,2.16681657027777,5.46666666666667,5.73666666666667
1995-04-01,1.91558880775027,5.66666666666667,5.59666666666667
1995-07-01,1.96607577361121,5.66666666666667,5.36666666666667
1995-10-01,1.9208648080614,5.56666666666667,5.26
1996-01-01,1.91758893552354,5.53333333333333,4.93
1996-04-01,1.65568271742735,5.5,5.02
1996-07-01,1.30908033688577,5.26666666666667,5.09666666666667
1996-10-01,2.1276334996859,5.33333333333333,4.97666666666667
1997-01-01,2.38303523784893,5.23333333333333,5.06
1997-04-01,0.793128412285071,5,5.04666666666667
1997-07-01,1.74282156456513,4.86666666666667,5.04666666666667
1997-10-01,1.32797856940243,4.66666666666667,5.09
1998-01-01,0.56778680253089,4.63333333333333,5.05333333333333
1998-04-01,0.944523991138979,4.4,4.97666666666667
1998-07-01,1.68884955691162,4.53333333333333,4.82333333333333
1998-10-01,1.12573630888626,4.43333333333333,4.25333333333333
1999-01-01,1.29804910738294,4.3,4.40666666666667
1999-04-01,1.50814619001949,4.26666666666667,4.45333333333333
1999-07-01,1.41260373756182,4.23333333333333,4.65
1999-10-01,2.21296828321584,4.06666666666667,5.04333333333333
2000-01-01,2.65060204521426,4.03333333333333,5.52
2000-04-01,2.48425665905785,3.93333333333333,5.71333333333333
2000-07-01,2.33185503377449,4,6.01666666666667
2000-10-01,2.14929318528299,3.9,6.01666666666667
2001-01-01,2.63661349171898,4.23333333333333,4.81666666666667
2001-04-01,2.39858100818218,4.4,3.66
2001-07-01,1.56964131967356,4.83333333333333,3.17
2001-10-01,1.25343256231361,5.5,1.90666666666667
2002-01-01,1.25484854513758,5.7,1.72
2002-04-01,1.39439721824353,5.83333333333333,1.71333333333333
2002-07-01,1.91335937475934,5.73333333333333,1.64333333333333
2002-10-01,2.314507014502,5.86666666666667,1.33333333333333
2003-01-01,1.95083965843956,5.86666666666667,1.15666666666667
2003-04-01,1.40478370914181,6.13333333333333,1.04
2003-07-01,2.28202231698091,6.13333333333333,0.93
2003-10-01,2.42882251082079,5.83333333333333,0.916666666666667
2004-01-01,2.84410048762709,5.7,0.916666666666667
2004-04-01,3.21495581681113,5.6,1.07666666666667
2004-07-01,2.52928480136383,5.43333333333333,1.48666666666667
2004-10-01,3.0892451197257,5.43333333333333,2.00666666666667
2005-01-01,3.18472623107091,5.3,2.53666666666667
2005-04-01,2.86888502891181,5.1,2.86333333333333
2005-07-01,3.63067942543047,4.96666666666667,3.36
2005-10-01,3.27358350229829,4.96666666666667,3.82666666666667
2006-01-01,2.82393299707664,4.73333333333333,4.39333333333333
2006-04-01,3.47707502026928,4.63333333333333,4.70333333333333
2006-07-01,2.78468603138151,4.63333333333333,4.90666666666667
2006-10-01,1.42757688252786,4.43333333333333,4.90333333333333
2007-01-01,3.78526535340598,4.5,4.98333333333333
2007-04-01,2.771529658974,4.5,4.73666666666667
2007-07-01,2.1803969203571,4.66666666666667,4.30333333333333
2007-10-01,1.61718767810015,4.8,3.39
2008-01-01,1.47784549776055,5,2.04333333333333
2008-04-01,1.9331325863952,5.33333333333333,1.62666666666667
2008-07-01,3.00222260184917,6,1.49333333333333
2008-10-01,0.967166539033926,6.86666666666667,0.296666666666667
2009-01-01,-0.316105595714689,8.26666666666667,0.213333333333333
2009-04-01,-0.664635987863704,9.3,0.173333333333333
2009-07-01,0.474852653606206,9.63333333333333,0.156666666666667
2009-10-01,1.26352470221285,9.93333333333333,0.0566666666666667
2010-01-01,1.1472476751031,9.83333333333333,0.106666666666667
2010-04-01,1.94950723979765,9.63333333333333,0.146666666666667
2010-07-01,1.21419178793474,9.46666666666667,0.156666666666667
2010-10-01,2.31547197537978,9.5,0.136666666666667
2011-01-01,2.04210620897705,9.03333333333333,0.126666666666667
2011-04-01,2.63661886679891,9.06666666666667,0.0466666666666667
2011-07-01,2.40172772076939,9,0.0233333333333333
2011-10-01,0.474271380095459,8.63333333333333,0.0133333333333333
2012-01-01,2.34134319778931,8.26666666666667,0.0666666666666667
2012-04-01,1.6480458189811,8.2,0.0866666666666667
2012-07-01,2.18973948030445,8.03333333333333,0.103333333333333
2012-10-01,1.99891500973628,7.8,0.0866666666666667
2013-01-01,1.58602972711712,7.73333333333333,0.0866666666666667
2013-04-01,0.860539016401773,7.53333333333333,0.05
2013-07-01,1.95580821048011,7.23333333333333,0.0333333333333333
2013-10-01,2.10980263228926,6.93333333333333,0.0633333333333333
2014-01-01,1.51453526407046,6.66666666666667,0.0466666666666667
2014-04-01,2.25695223954432,6.2,0.0333333333333333
2014-07-01,1.64097694095382,6.06666666666667,0.0266666666666667
2014-10-01,0.39680082614133,5.7,0.0233333333333333
2015-01-01,-0.219018451577213,5.53333333333333,0.0266666666666667
2015-04-01,2.29167937527706,5.43333333333333,0.02
2015-07-01,1.05896176940128,5.1,0.04
2015-10-01,-0.008198233280865,5.03333333333333,0.123333333333333
2016-01-01,-0.348580326247827,4.9,0.286666666666667
2016-04-01,2.71090455219998,4.93333333333333,0.256666666666667
2016-07-01,1.02152480367721,4.9,0.296666666666667
2016-10-01,1.93009862768179,4.76666666666667,0.43
2017-01-01,2.03353339992631,4.56666666666667,0.59
2017-04-01,1.04501667155574,4.36666666666667,0.89
2017-07-01,2.04993141789771,4.33333333333333,1.03666666666667
2017-10-01,2.45248105784128,4.16666666666667,1.20666666666667
2018-01-01,2.5361489927775,4.03333333333333,1.56
2018-04-01,2.81792327518211,3.93333333333333,1.84
2018-07-01,1.72339101938519,3.76666666666667,2.04
2018-10-01,1.71988046831046,3.83333333333333,2.31666666666667
2019-01-01,1.19798293543028,3.86666666666667,2.38666666666667
2019-04-01,2.06188013864015,3.63333333333333,2.3
2019-07-01,1.26890240702195,3.6,1.98
2019-10-01,1.24192751701813,3.6,1.57666666666667
2020-01-01,1.96995835969744,3.83333333333333,1.11
2020-04-01,-1.59507189798127,13,0.143333333333333
2020-07-01,3.64631948451013,8.8,0.113333333333333
2020-10-01,2.48534807751639,6.76666666666667,0.0933333333333333
2021-01-01,5.06243515542657,6.23333333333333,0.05
2021-04-01,6.17976606356052,5.93333333333333,0.0266666666666667
2021-07-01,6.10377154497677,5.06666666666667,0.0466666666666667
2021-10-01,6.82457289893712,4.16666666666667,0.0533333333333333
2022-01-01,7.99770471968486,3.86666666666667,0.306666666666667
2022-04-01,8.93987926959099,3.63333333333333,1.07666666666667
2022-07-01,4.40283378620734,3.53333333333333,2.66333333333333
2022-10-01,3.78940520877862,3.56666666666667,4.04
2023-01-01,3.72416254778045,3.53333333333333,4.62666666666667
2023-04-01,2.07888366362248,3.53333333333333,5.07333333333333
2023-07-01,3.24793275879642,3.63333333333333,5.29
2023-10-01,1.59468218147047,3.8,5.28333333333333
2024-01-01,3.12861038257033,3.83333333333333,5.23333333333333
2024-04-01,2.54227616118001,3.96666666666667,5.24333333333333
2024-07-01,1.68697905742654,4.16666666666667,4.99
2024-10-01,2.39227192961131,4.13333333333333,4.4
2025-01-01,3.54925230555665,4.13333333333333,4.21
2025-04-01,2.09831420300262,4.2,4.23
2025-07-01,3.66972202678966,4.33333333333333,4.09666666666667
2025-10-01,3.67310909321326,4.45,3.73
2026-01-01,3.51221768717807,4.33333333333333,3.59333333333333
