1.2637,1.1653,0.757662,119.11,1.219,0.51094704,929.6,1.419,32.596
1.2596,1.1649,0.753097,119.11,1.213,0.506906602,929.6,1.4146,32.4
1.2541,1.1699,0.759619,119.11,1.2256,0.512177008,926,1.4132,32.4
1.2644,1.1767,0.763854,119.42,1.2321,0.514231353,926.1,1.431,32.54
1.2784,1.1755,0.769497,118.7,1.2371,0.51877983,931.2,1.456,32.61
1.2822,1.1777,0.76743,118.7,1.2359,0.51688936,932.6,1.4489,32.67
1.2771,1.1784,0.769556,118.79,1.2418,0.515291268,937.3,1.4453,32.69
1.2824,1.1772,0.772827,119.43,1.2461,0.516782512,937,1.455,32.755
1.278,1.1762,0.775434,119.65,1.2494,0.51502588,939.8,1.4503,32.765
1.2821,1.1702,0.774383,120.67,1.2482,0.510191067,938.9,1.4468,32.75
1.2729,1.1681,0.773066,120.15,1.2475,0.508543531,940.5,1.4407,32.755
1.2771,1.1746,0.774174,120.61,1.2487,0.509956909,938.1,1.4497,32.77
1.2762,1.1737,0.772768,120.88,1.2471,0.507305195,936.5,1.4434,32.785
1.2687,1.1752,0.771516,120.69,1.247,0.507047967,937.1,1.4384,32.79
1.2649,1.172,0.771784,121.42,1.2488,0.506534292,936.7,1.4378,32.81
1.266,1.1759,0.772589,121.37,1.25,0.506034461,937.6,1.4314,32.92
1.2676,1.1816,0.767961,121.64,1.243,0.503385266,938.7,1.4263,32.963
1.2758,1.1824,0.771397,121.79,1.2481,0.508802279,941.1,1.4261,32.805
1.2827,1.1783,0.773545,121.03,1.2493,0.507408159,937.5,1.4355,32.85
1.2827,1.1798,0.773305,121.59,1.2524,0.510334269,936.3,1.4372,32.935
1.2922,1.1816,0.771635,121.72,1.2529,0.510738272,940,1.4362,32.97
1.2933,1.1814,0.771754,121.62,1.25285,0.509826914,940.4,1.4537,32.97
1.2953,1.1792,0.767312,121.73,1.2446,0.510881782,940.9,1.4497,32.949
1.2902,1.1755,0.767843,120.96,1.2436,0.507472533,942,1.4652,32.86
1.2937,1.1838,0.771635,120.84,1.24825,0.508026824,938.1,1.4684,32.915
1.2932,1.1818,0.773335,121.09,1.2485,0.510165038,938.1,1.4611,32.915
1.2905,1.182,0.770149,120.15,1.2397,0.507936508,936.6,1.4684,32.954
1.287,1.1852,0.768256,120.2,1.2409,0.50760133,933,1.4535,32.995
1.2796,1.1853,0.766959,120.74,1.2462,0.51064699,932.2,1.462,33.008
1.2811,1.1739,0.768905,121.3,1.2482,0.513228464,935,1.4641,32.968
1.2922,1.1746,0.771456,121.3,1.2537,0.513452454,934.5,1.4648,33.022
1.2937,1.1686,0.767077,121.76,1.24715,0.514694529,936.6,1.4514,33.08
1.2821,1.166,0.761412,121.3,1.2396,0.509956909,937.8,1.442,32.985
1.2757,1.1639,0.76118,120.32,1.2349,0.511744537,938.1,1.4429,32.867
1.2745,1.1637,0.760948,119.59,1.23565,0.512859964,934.7,1.4335,32.99
1.2698,1.1639,0.760398,119.41,1.2332,0.513465636,934.7,1.428,32.99
1.2711,1.1698,0.76118,119.78,1.2365,0.510986203,935.9,1.4255,32.99
1.2702,1.1612,0.760832,120.33,1.2376,0.512229479,938.3,1.4158,32.99
1.2642,1.1616,0.76176,121.13,1.2386,0.512124549,938.8,1.4182,32.99
1.2684,1.1585,0.759503,121.55,1.23245,0.50946328,939.5,1.4156,32.99
1.2628,1.16,0.758121,120.93,1.2299,0.509385426,938.6,1.4077,32.972
1.2594,1.1639,0.755315,120.53,1.2173,0.50876345,937.3,1.4296,32.95
1.269,1.17,0.756115,118.44,1.2191,0.510269167,938.3,1.4269,32.95
1.2723,1.1713,0.758984,118.87,1.2227,0.510829587,938.3,1.443,32.9
1.2739,1.1753,0.75792,117.77,1.2165,0.514337148,940.9,1.4539,32.965
1.2873,1.1811,0.76438,115.61,1.221,0.51925124,942.2,1.4863,32.9
1.2923,1.176,0.76176,115.86,1.2234,0.519332139,950,1.4616,32.965
1.2878,1.1786,0.758754,116.82,1.2165,0.518027352,948,1.473,32.97
1.2865,1.1801,0.761354,115.89,1.2275,0.518134715,947,1.4582,32.91
1.2835,1.1712,0.762573,117.42,1.23415,0.517584949,948.2,1.4478,32.965
1.2798,1.1692,0.75815,118.21,1.2246,0.518416755,946.6,1.4339,33.03
1.2726,1.1687,0.757949,117.78,1.21745,0.517558161,944.2,1.4611,32.98
1.2788,1.1754,0.75663,116.24,1.2184,0.517089819,944.8,1.4424,32.998
1.2719,1.1758,0.755315,117.27,1.217,0.516395559,947.2,1.4401,33.03
1.2626,1.174,0.751625,117.19,1.20825,0.514853524,944.6,1.4329,33.1
1.2569,1.1752,0.751456,116.78,1.2114,0.513901023,945,1.4223,33.11
1.2525,1.1639,0.750863,117.88,1.2119,0.510712188,943.3,1.4162,33.13
1.2466,1.1578,0.746854,117.88,1.20905,0.510308226,942.6,1.4069,33.115
1.2405,1.1576,0.750385,117.57,1.2146,0.508323802,937.8,1.4065,32.99
1.2413,1.16,0.752842,118.08,1.21905,0.5093984,937.1,1.4059,33.05
1.2429,1.1627,0.750159,118,1.2156,0.507988113,938.5,1.3951,33.06
1.2361,1.1584,0.748531,118.19,1.2115,0.508841114,938.6,1.3943,33.077
1.2424,1.158,0.751033,117.88,1.2166,0.508802279,940.6,1.409,33.075
1.2392,1.1578,0.750103,116.76,1.218,0.509437326,940.9,1.398,33.065
1.2392,1.1529,0.748643,118.05,1.21395,0.509852907,940.3,1.3996,33.089
1.2287,1.1561,0.748027,117.99,1.2152,0.505586733,940.8,1.3831,33.1
1.2279,1.1573,0.750216,117.81,1.2226,0.505395093,938.8,1.3885,33.12
1.2315,1.1584,0.747859,118.88,1.2201,0.505765729,936.8,1.3865,33.09
1.2244,1.1509,0.744574,118.73,1.215,0.507125108,936,1.3835,33.09
1.2244,1.1509,0.746965,118.84,1.222,0.507125108,934.8,1.3873,33.09
1.2244,1.1522,0.748699,119.4,1.2264,0.509696985,931.2,1.3877,33.065
1.2146,1.148,0.744518,119.2,1.2177,0.506957999,933.1,1.3727,33.095
1.2129,1.145,0.744352,119.28,1.2205,0.505344013,932.6,1.3723,33.1
1.2127,1.1363,0.741427,119.39,1.2165,0.505216359,933.8,1.3699,33.11
1.2013,1.138,0.73929,119.01,1.21485,0.504311866,931.6,1.3556,33.105
1.2026,1.131,0.739071,119.21,1.2148,0.502499937,930.1,1.3519,33.15
1.2015,1.1294,0.736675,119.64,1.2081,0.498678502,929.3,1.3435,33.17
1.1957,1.1288,0.734619,118.78,1.2035,0.49861634,930.1,1.3369,33.16
1.2016,1.1286,0.734295,118.38,1.2054,0.499363312,928.7,1.3435,33.137
1.1988,1.1227,0.735916,118.74,1.20845,0.499138985,927.5,1.3364,33.15
1.1985,1.1227,0.736567,118.98,1.2094,0.499912515,928.1,1.3428,33.17
1.2121,1.1229,0.733165,118.4,1.2013,0.499313444,926.6,1.3459,33.19
1.2121,1.1145,0.732896,118.54,1.2043,0.498566621,926.8,1.3399,33.205
1.2002,1.1202,0.735754,118.71,1.2091,0.502045837,926.8,1.3524,33.22
1.2121,1.1153,0.732145,119.8,1.20545,0.499488025,928.5,1.3459,33.275
1.2095,1.1067,0.733003,119.8,1.2074,0.500037503,929.4,1.3495,33.27
1.206,1.1089,0.734997,119.59,1.2139,0.50021259,929.4,1.3499,33.27
1.2126,1.1087,0.736187,119.98,1.2147,0.502449441,930.9,1.3556,33.3
1.2129,1.107,0.737926,119.98,1.2159,0.503018109,930.7,1.3592,33.26
1.221,1.1069,0.735971,119.98,1.21,0.502008032,929.2,1.3576,33.28
1.2126,1.1024,0.735429,120.09,1.2117,0.501039657,927.7,1.3574,33.22
1.2038,1.1048,0.738307,120.13,1.2183,0.502449441,924.1,1.3585,33.26
1.2058,1.1064,0.739235,119.76,1.2189,0.500738589,923.1,1.3637,33.28
1.2015,1.1073,0.742005,120.22,1.2199,0.504324583,924.5,1.3763,33.31
1.2047,1.1135,0.739399,119.97,1.219,0.504426341,924.8,1.3602,33.3
1.1999,1.1069,0.738443,120.23,1.2191,0.504935747,926.7,1.3563,33.31
1.2009,1.0977,0.7357,120.58,1.215,0.504019556,924.9,1.3528,33.35
1.2009,1.1029,0.739891,120.3,1.2233,0.504350019,924.4,1.3643,33.365
1.2109,1.0977,0.74096,120.88,1.2272,0.506316296,924,1.3687,33.36
1.2182,1.0884,0.740165,121.44,1.2272,0.506508636,925.9,1.3668,33.385
1.2151,1.0884,0.742694,121.28,1.23,0.507768864,932.6,1.3697,33.37
1.217,1.0855,0.743467,121.46,1.2296,0.506431682,931.3,1.3765,33.405
1.2168,1.0818,0.743025,121.7,1.22745,0.50275257,929.9,1.3706,33.425
1.2154,1.0841,0.744574,121.6,1.2274,0.50363879,929.9,1.3793,33.31
1.2197,1.0796,0.743301,121.2,1.2282,0.503791027,931.5,1.3768,33.27
1.2207,1.0801,0.744907,121.69,1.2289,0.503791027,931.5,1.3755,33.16
1.2234,1.0719,0.743246,121.75,1.2252,0.504617248,930,1.3761,33.03
1.2213,1.0754,0.744629,121.61,1.22555,0.506367572,928.5,1.3704,32.98
1.213,1.0699,0.743356,121.69,1.2253,0.505535615,929.9,1.3578,33.069
1.2055,1.0604,0.743854,121.82,1.22975,0.505292944,927.9,1.3408,33.02
1.2,1.058,0.74107,122.05,1.2234,0.502247558,927.4,1.3378,33.02
1.197,1.0606,0.739727,121.8,1.2183,0.501793913,928.2,1.3342,33.02
1.1854,1.0586,0.740768,121.52,1.2168,0.502096252,928.2,1.3245,33.01
1.1812,1.0613,0.744796,121.01,1.2246,0.504910252,927.3,1.3326,33.04
1.1871,1.0622,0.747803,121.33,1.23495,0.508272129,928.3,1.3082,33.02
1.1871,1.0614,0.748587,121.66,1.2382,0.508323802,929.6,1.3319,33.01
1.1855,1.0635,0.751738,121.77,1.242,0.506726798,931.7,1.3362,33.03
1.1888,1.0667,0.75123,121.7,1.2438,0.506855217,930.5,1.3333,33.03
1.1925,1.0684,0.750497,122.8,1.2448,0.507755972,931.4,1.3298,33.08
1.195,1.0679,0.747468,123.15,1.24135,0.505855275,929.8,1.3242,33.155
1.1865,1.0721,0.745462,123.51,1.242,0.504808299,929.8,1.3273,33.155
1.1853,1.0639,0.744962,123.73,1.2408,0.503157312,928,1.3186,33.155
1.1809,1.0646,0.746241,123.45,1.2378,0.501793913,927.6,1.3172,33.02
1.1823,1.073,0.746965,123.7,1.2417,0.501869464,926.5,1.3092,32.94
1.1804,1.0676,0.742528,123.95,1.22975,0.501077316,927.3,1.3067,32.76
1.1781,1.0713,0.742749,123.92,1.2287,0.500851447,927.7,1.3057,32.78
1.1801,1.0693,0.743025,123.44,1.2277,0.500137538,926.6,1.3041,32.769
1.1888,1.0716,0.743356,123.02,1.2291,0.500763665,926.4,1.3142,32.81
1.1878,1.0627,0.743633,123.1,1.2311,0.499363312,927.6,1.2992,32.845
1.1783,1.0634,0.738253,123.26,1.222,0.498417524,926.8,1.2958,32.735
1.1721,1.0634,0.733541,123.29,1.2096,0.496610632,925.7,1.278,32.78
1.1673,1.0596,0.734835,122.48,1.2158,0.495921049,922.7,1.2804,32.82
1.1658,1.057,0.734565,122.46,1.217,0.496142492,918.2,1.2799,32.805
1.1654,1.0566,0.735646,122.87,1.2179,0.497401079,919.9,1.2786,32.8
1.168,1.048,0.733783,123.03,1.218,0.49675865,921.1,1.2776,32.82
1.164,1.0479,0.733918,123.51,1.2166,0.496290231,921.2,1.2807,32.67
1.166,1.0521,0.726243,123.29,1.2005,0.494095558,920.4,1.29,32.77
1.1618,1.0558,0.727564,121.8,1.20575,0.491581664,920.1,1.2781,32.745
1.162,1.0469,0.725295,122.37,1.2029,0.492902208,920.1,1.2749,32.8
1.1533,1.0477,0.725531,122.71,1.2026,0.491968612,918,1.2718,32.795
1.1455,1.043,0.725979,122.71,1.2033,0.491098834,916.3,1.2614,32.81
1.1444,1.0436,0.725505,122.02,1.202,0.489105182,916.3,1.2653,32.83
1.1393,1.0437,0.724297,122,1.2003,0.487222588,917.4,1.2606,32.84
1.1395,1.0426,0.724664,122.04,1.2038,0.487840574,917.2,1.2606,32.83
1.1357,1.044,0.722961,122.3,1.2006,0.486558813,916,1.2549,32.79
1.1329,1.0451,0.724297,121.19,1.20615,0.485896844,915.7,1.2415,32.79
1.1306,1.0372,0.723144,120.65,1.2025,0.485107209,915.5,1.2432,32.775
1.1278,1.0425,0.728571,119.98,1.2133,0.487911981,914.4,1.2481,32.81
1.1303,1.0505,0.727829,120.69,1.2032,0.488674958,913.8,1.2835,32.845
1.1485,1.059,0.73338,118.94,1.20765,0.492428906,917.5,1.304,32.88
1.1774,1.0686,0.73006,118.57,1.203,0.494010127,921.5,1.2975,32.845
1.1666,1.0657,0.731021,118.94,1.20075,0.492113875,923.2,1.316,32.805
1.1829,1.0569,0.731181,118.58,1.2038,0.492792904,920.3,1.3041,32.885
1.1703,1.0527,0.729954,118.85,1.2045,0.491968612,922.5,1.3016,32.875
1.1658,1.0528,0.726085,119.32,1.19075,0.490448515,923.9,1.3144,32.88
1.1658,1.0528,0.724874,117.64,1.1917,0.492295574,923,1.3062,32.885
1.1647,1.0553,0.727617,118.74,1.1973,0.49476783,924.4,1.3127,32.905
1.1675,1.0499,0.724874,119.01,1.1964,0.490532719,922.6,1.3021,32.9
1.1547,1.0565,0.731021,119.8,1.1963,0.492671511,923.8,1.3317,32.89
1.1891,1.0536,0.73006,117.99,1.1994,0.495123038,922.4,1.3394,32.97
1.1785,1.0509,0.734835,118.28,1.2053,0.497092012,929.7,1.3537,32.98
1.1923,1.0636,0.738716,118,1.2107,0.5000125,929.1,1.3768,32.97
1.2067,1.0746,0.744962,117.44,1.2192,0.502272784,929.1,1.4156,33.03
1.2412,1.0755,0.74474,116.57,1.2173,0.504719124,931.5,1.4374,33.14
1.2804,1.0635,0.742143,113.89,1.20645,0.503359928,942.9,1.4343,32.93
1.2564,1.0582,0.742087,114.46,1.2056,0.503600745,949.7,1.4318,32.9
1.2433,1.0601,0.742804,114.74,1.20675,0.504210155,944.6,1.4376,32.935
1.2483,1.0621,0.73798,114.46,1.2062,0.502197112,944.6,1.4167,32.95
1.227,1.0568,0.737055,116.1,1.20695,0.498566621,945,1.401,32.95
1.2179,1.0525,0.730967,116.28,1.20085,0.497611465,940.1,1.3852,32.99
1.2012,1.0516,0.733111,116.63,1.203,0.496425735,942,1.3998,33
1.2148,1.0615,0.735213,115.5,1.2011,0.497599084,938.1,1.4368,33.02
1.2381,1.0592,0.731235,114.12,1.1995,0.496475027,940.3,1.4126,33.065
1.2267,1.0567,0.733541,115.75,1.2045,0.496204039,943.2,1.4243,33.06
1.2174,1.0564,0.733649,116.07,1.20875,0.495773531,939.9,1.4209,32.996
1.2158,1.0564,0.734026,115.74,1.2089,0.495527861,939,1.4211,33.01
1.2095,1.0496,0.734889,116,1.2114,0.497475313,938.1,1.437,33.03
1.214,1.0508,0.732574,116.32,1.2042,0.495086269,937.6,1.4545,33.05
1.2146,1.0533,0.73046,115.12,1.2009,0.494694403,937.6,1.4432,33.04
1.2146,1.0546,0.726348,115.45,1.18835,0.493778392,939.3,1.4463,33.055
1.2194,1.0533,0.724349,112.79,1.18585,0.492999408,937.8,1.4378,33.065
1.2092,1.0431,0.722622,113.55,1.1893,0.49264724,940.1,1.4174,33.075
1.1965,1.0371,0.71914,114.2,1.1845,0.492501662,937.4,1.4036,33.07
1.1916,1.0326,0.721188,114.46,1.1862,0.493254741,933.4,1.4126,33.08
1.1908,1.0293,0.720591,115.08,1.18965,0.49712908,930.4,1.4021,33.08
1.185,1.0308,0.721527,115.08,1.1877,0.499962503,930.4,1.4162,33.11
1.2042,1.0236,0.715129,115.03,1.1807,0.500813822,928.4,1.3784,33.11
1.1732,1.0147,0.715948,115.89,1.1837,0.500175061,929.8,1.3598,33.1
1.1633,1.0016,0.710757,116.02,1.1722,0.496536657,926.2,1.3537,33.07
1.1505,1.0009,0.709648,115.11,1.17235,0.494914751,923.7,1.3468,32.97
1.1531,1.0012,0.710303,115.11,1.1734,0.494547613,923.7,1.3392,32.97
1.1551,1.001,0.706889,114.7,1.16595,0.496044049,923.7,1.3466,32.97
1.1452,1.0048,0.707589,114.68,1.16975,0.496191728,923.7,1.3432,32.93
1.1386,1.0031,0.706839,115.53,1.1738,0.494083352,921,1.3324,32.835
1.1329,0.9963,0.70055,115.43,1.16225,0.490833681,920.7,1.3197,32.667
1.1329,0.9931,0.702617,114.96,1.1685,0.489452303,917.3,1.3041,32.58
1.1287,1.0004,0.706739,115.74,1.1757,0.489943901,914.3,1.3235,32.58
1.1261,0.9961,0.709648,115.68,1.1804,0.490918017,914.3,1.3259,32.585
1.1349,0.9983,0.707439,116.84,1.1745,0.489883898,913.7,1.3242,32.6
1.1271,0.9812,0.707389,116.55,1.1781,0.489775928,916.6,1.3132,32.605
1.1074,0.9812,0.71144,116.55,1.1858,0.490761416,916,1.312,32.595
1.1202,0.9846,0.708943,117.36,1.1835,0.49176297,915.3,1.306,32.61
1.1127,0.9814,0.707139,117.29,1.1831,0.489296636,917.3,1.3122,32.61
1.1116,0.9743,0.704201,117.19,1.1816,0.490532719,916.3,1.2965,32.57
1.1131,0.9739,0.705542,117.46,1.18465,0.491448791,918.9,1.2873,32.585
1.1041,0.9758,0.703606,117.73,1.1802,0.489644029,915.9,1.3099,32.605
1.1114,0.9779,0.705542,117.25,1.1826,0.492150204,917.3,1.3365,32.615
1.1312,0.9737,0.703408,116.73,1.1794,0.490701212,918.2,1.3293,32.61
1.1193,0.9734,0.699961,116.59,1.1703,0.488674958,918.5,1.3286,32.605
1.1191,0.9638,0.699032,115.38,1.1663,0.488674958,917.8,1.3367,32.58
1.1259,0.9811,0.705393,113.88,1.1784,0.493169601,915.4,1.3374,32.57
1.1217,0.9674,0.70109,114.41,1.1729,0.488209735,917.6,1.3224,32.585
1.1143,0.9712,0.701139,114.75,1.1721,0.488543651,917.7,1.3243,32.56
1.1085,0.9674,0.697788,114.08,1.1652,0.487900078,917.4,1.313,32.5
1.0966,0.9619,0.69471,114.23,1.1643,0.487293814,917.6,1.3055,32.465
1.082,0.9548,0.693457,114.18,1.1647,0.485236674,913.5,1.2979,32.39
1.0911,0.9535,0.692545,114.56,1.1587,0.483781234,908.9,1.307,32.4
1.0851,0.9499,0.690966,114.78,1.15885,0.481382531,907.4,1.2935,32.41
1.0747,0.9499,0.693169,115.55,1.1573,0.480376615,902.3,1.318,32.39
1.0907,0.9359,0.690274,114.7,1.15545,0.480330467,902.2,1.304,32.4
1.0865,0.9339,0.690822,114.64,1.1531,0.480630587,907.1,1.2965,32.41
1.0841,0.9245,0.686554,114.48,1.1437,0.479030442,906.1,1.2783,32.4
1.0666,0.917,0.68355,114.76,1.1337,0.475285171,908.1,1.2992,32.365
1.0818,0.9306,0.681408,112.94,1.1279,0.474338298,904.4,1.2873,32.3
1.077,0.9391,0.681663,112.87,1.12305,0.477395331,907.8,1.308,32.265
1.1206,0.9391,0.68816,110.54,1.12875,0.485660863,906.1,1.3396,32.29
1.1247,0.9643,0.684111,109.98,1.1265,0.482497407,910.3,1.3116,32.29
1.1079,0.9607,0.682617,111.28,1.1232,0.484155995,916,1.3132,32.28
1.111,0.9808,0.684205,111.5,1.12255,0.488889975,913.4,1.3256,32.3
1.1292,0.9729,0.682198,110.61,1.118,0.488806335,915.8,1.3184,32.335
1.1196,0.9837,0.681733,111.03,1.1151,0.487341309,919.3,1.3275,32.37
1.1317,0.985,0.673923,110.04,1.106,0.484355323,917.4,1.306,32.36
1.1278,0.9895,0.673469,109.86,1.1025,0.486606165,923.8,1.3296,32.34
1.1425,0.9846,0.673514,108.6,1.10155,0.48521313,925.8,1.3286,32.35
1.1447,0.9884,0.674082,108.6,1.10245,0.486736432,934.1,1.3173,32.335
1.1313,0.9877,0.672698,108.71,1.09735,0.483594071,933.9,1.3324,32.318
1.1382,0.9965,0.674332,107.36,1.1056,0.483115126,928.2,1.3168,32.32
1.1418,0.9908,0.67415,108.51,1.1111,0.482788587,931.9,1.2937,32.33
1.1325,0.9929,0.678035,110.06,1.1179,0.484824978,929.9,1.2965,32.3
1.128,1.0008,0.683037,110.15,1.1318,0.486345841,929.6,1.3071,32.268
1.1368,1.0005,0.681733,110.91,1.1278,0.48373443,925.6,1.3086,32.3
1.1439,1.0104,0.677209,110.4,1.1169,0.485755228,923.9,1.3107,32.305
1.1486,1.0131,0.684111,109.98,1.1275,0.493181762,923.6,1.2943,32.32
1.1448,1.0124,0.683037,111.02,1.1294,0.493741822,923.1,1.2877,32.314
1.1397,1.0053,0.681965,111.53,1.128,0.49275648,922.9,1.2875,32.315
1.141,1.0103,0.679279,111.63,1.1272,0.488710781,919.9,1.2776,32.325
1.1254,1.0108,0.682245,111.91,1.1295,0.490448515,921.4,1.2913,32.34
1.1416,1.0107,0.679694,110.95,1.1346,0.488866075,923.8,1.2718,32.37
1.1329,1.0217,0.684018,111.98,1.1421,0.490773459,926.6,1.2812,32.37
1.1406,1.0137,0.693313,112.59,1.1531,0.495159813,924.5,1.3084,32.395
1.1604,1.0073,0.693794,113.34,1.1489,0.496253288,927.7,1.3247,32.49
1.1636,1.0105,0.693987,113.04,1.1519,0.495564696,932.5,1.324,32.535
1.159,1.0056,0.695773,113.38,1.1559,0.4991639,932.5,1.3266,32.515
1.1658,0.9983,0.6983,113.37,1.1588,0.504680915,939.7,1.3129,32.495
1.16,0.9944,0.696209,113.1,1.1555,0.504019556,941.2,1.3096,32.485
1.1507,0.9871,0.69471,113.1,1.1569,0.505919255,943.8,1.3033,32.5
1.1507,0.9871,0.694517,114.11,1.1584,0.505919255,943.8,1.306,32.51
1.1507,0.9871,0.690465,114.23,1.1518,0.504248292,938.3,1.3029,32.53
1.1421,0.9811,0.684392,114.49,1.1404,0.502916918,938.9,1.2967,32.535
1.1449,0.9785,0.679371,114.15,1.1262,0.501781324,938.9,1.2905,32.5
1.1343,0.9881,0.685495,114.15,1.133,0.502361097,938.2,1.3055,32.443
1.1343,0.9881,0.68519,114.15,1.1333,0.502361097,938.2,1.3029,32.443
1.1368,0.9927,0.679232,114.15,1.119,0.505165315,938.2,1.292,32.45
1.1322,0.9905,0.678265,114.15,1.11205,0.507240863,934.5,1.2982,32.44
1.1356,0.9991,0.677828,109.28,1.1077,0.506534292,938.9,1.305,32.445
1.1456,1.0051,0.680805,108.88,1.1169,0.50618815,937.3,1.3002,32.475
1.1401,0.9986,0.679833,109.2,1.1121,0.506701122,941.7,1.2997,32.455
1.1337,1.0085,0.682151,109.08,1.1166,0.510660028,939.2,1.2913,32.475
1.1312,1.0139,0.675288,110.13,1.103,0.510868732,939.8,1.274,32.485
1.1169,1.0199,0.676567,109.78,1.1012,0.51064699,935.6,1.2775,32.47
1.1171,1.0211,0.672744,109.78,1.0932,0.510607879,936.2,1.2661,32.34
1.1109,1.0169,0.676704,108.03,1.09475,0.507253728,937.1,1.2883,32.26
1.1306,1.0239,0.682384,106.69,1.1005,0.508957655,935.1,1.2995,32.27
1.1364,1.0293,0.682897,107.13,1.1008,0.505842481,938.6,1.3043,32.275
1.1409,1.0295,0.684392,106.79,1.0994,0.511731443,945,1.3158,32.315
1.1413,1.0324,0.692977,106.98,1.10955,0.514178471,947.7,1.3475,32.35
1.1659,1.0253,0.681594,105.93,1.0924,0.510047945,946.9,1.3065,32.45
1.1577,1.0286,0.68341,106.96,1.0912,0.512912574,954.3,1.3087,32.405
1.1434,1.0072,0.677622,106.9,1.0881,0.507176548,951,1.2927,32.314
1.1303,1.0044,0.680851,107.16,1.0968,0.504235579,949.6,1.301,32.305
1.1303,1.0044,0.676201,106.84,1.0897,0.503144654,946.6,1.2863,32.335
1.1274,0.9977,0.677117,106.77,1.0946,0.503220612,948.6,1.2868,32.31
1.126,0.9937,0.673151,106.95,1.0825,0.502891627,946.7,1.2783,32.19
1.1256,1.0022,0.673469,106.4,1.0822,0.503018109,943.9,1.2711,32.198
1.1172,0.9943,0.675425,106.58,1.0893,0.507962309,945.5,1.2574,32.12
1.1055,0.9931,0.674377,106.83,1.08805,0.506149719,943.4,1.2609,32.06
1.1027,1.0043,0.68271,106.77,1.0997,0.509009468,942,1.2806,32.01
1.1164,1.0026,0.683878,106.64,1.0972,0.510126001,942,1.2711,32.01
1.1204,1.0115,0.689917,106.46,1.1033,0.514972835,942,1.2697,32.01
1.1172,0.9991,0.689251,107.34,1.103,0.513808606,942,1.2686,32.01
1.1091,1.0017,0.688776,107.34,1.1017,0.513452454,942.1,1.2674,32.01
1.1061,0.9963,0.686036,106.96,1.1023,0.51009998,945.5,1.2665,31.87
1.1066,0.9995,0.686271,107.39,1.1075,0.509489237,945.4,1.2758,31.64
1.1079,0.997,0.68299,108.27,1.0962,0.507150827,944.6,1.2721,31.69
1.1059,1.0016,0.680897,107.98,1.0929,0.509541158,944.6,1.2631,31.74
1.095,1.0071,0.682431,107.87,1.1021,0.512360702,946.2,1.2561,31.74
1.0875,1.016,0.67891,108.23,1.0945,0.512465729,945.2,1.2527,31.685
1.0924,1.019,0.679648,107.95,1.09915,0.515304545,944.3,1.252,31.63
1.089,1.0087,0.674741,108.12,1.0883,0.510191067,944.6,1.2477,31.52
1.0866,1.0156,0.674423,107.58,1.085,0.508427181,947,1.2347,31.36
1.0826,0.998,0.674377,107.43,1.0894,0.508181726,949,1.2287,31.39
1.0771,0.9859,0.666156,108.05,1.07365,0.507022258,947.4,1.2232,31.2
1.0695,0.9778,0.661441,107.29,1.0634,0.50282841,946.8,1.2261,30.91
1.0609,0.9719,0.658306,106.31,1.05205,0.5025757,943.6,1.2291,30.91
1.0564,0.9798,0.659174,104.78,1.0415,0.502714659,937.3,1.2514,30.95
1.0711,0.987,0.65796,103.07,1.042,0.504439064,937.8,1.2382,31.1
1.0786,0.9956,0.65783,103.35,1.0394,0.50347397,945.3,1.2517,30.92
1.0806,0.9898,0.654643,103.43,1.03595,0.502626222,946.9,1.245,30.88
1.0693,0.9848,0.649751,103.78,1.0216,0.497673377,947.2,1.256,30.72
1.0765,0.9915,0.651445,102.88,1.0252,0.496499677,949.3,1.2596,30.73
1.0776,0.9976,0.650682,102.33,1.0177,0.495896457,957.3,1.2649,30.63
1.0873,0.9953,0.651742,101.65,1.0334,0.499064255,959.3,1.2452,30.6
1.0735,0.9897,0.643853,103.09,1.0166,0.494792311,973.8,1.2408,30.675
1.0687,0.9842,0.640553,101.71,1.0108,0.492392535,967,1.2237,30.67
1.06,0.987,0.63806,101.05,0.9982,0.492817189,980.5,1.2297,30.74
1.0791,0.9978,0.636233,97.52,0.9863,0.49981257,988.3,1.2491,30.845
1.085,0.9938,0.639407,97.02,1.0018,0.494694403,1021.7,1.2318,30.73
1.0724,1.0028,0.639284,99.72,0.9972,0.503550028,1019.8,1.2514,30.71
1.0924,1.0269,0.647396,99.72,1.0069,0.504489961,1009.2,1.2625,30.66
1.0924,1.0269,0.647857,99.53,1.0091,0.504489961,1013.9,1.2625,30.52
1.0924,1.0203,0.648908,99.86,1.0197,0.503727584,1004.9,1.2511,30.2
1.097,1.0177,0.639734,100.72,1.0074,0.500087515,1000.2,1.2412,30.1
1.0912,1.018,0.631572,99.9,0.9901,0.49960032,985.3,1.2425,29.99
1.0864,1.0147,0.632411,98.81,0.9919,0.497636228,984.6,1.241,30.15
1.084,1.0181,0.633292,99.4,0.9956,0.502714659,993,1.2549,30.39
1.0893,1.0279,0.634417,100.19,0.9949,0.503144654,991.7,1.2734,30.405
1.0987,1.027,0.64002,99.84,1.0116,0.506226587,991.6,1.2702,30.31
1.1014,1.0177,0.63745,101.91,1.0084,0.504731861,985.8,1.2663,30.38
1.094,1.0082,0.637674,102.29,1.0099,0.501215447,977.8,1.274,30.43
1.0969,1.0091,0.635829,102.53,1.0062,0.501391361,974.8,1.2666,30.43
1.0858,1.011,0.63676,102.12,1.0132,0.502626222,976,1.2585,30.41
1.0785,1.015,0.63676,102.42,1.0147,0.508104263,974.6,1.2498,30.525
1.075,1.0194,0.631453,102.62,1.001,0.506547122,974.6,1.2527,30.46
1.074,1.0179,0.635183,101.45,1.0074,0.505395093,975.5,1.2525,30.31
1.0732,1.0215,0.633493,101.92,1.00115,0.507202272,976.7,1.2602,30.3
1.0837,1.0208,0.631453,101.44,0.9993,0.504121191,974.7,1.2612,30.32
1.076,1.0181,0.633412,101.16,1.007,0.509567123,978.3,1.2716,30.27
1.0785,1.0025,0.627215,101.86,1.0002,0.506111294,984,1.2614,30.25
1.0662,1.0113,0.629188,101.93,1.0068,0.503613426,992.4,1.2677,30.203
1.0656,1.0084,0.632411,102.59,1.0182,0.500726053,988.8,1.2645,30.28
1.0638,1.0066,0.628595,104,1.0088,0.504846527,1000.3,1.2598,30.29
1.062,1.0033,0.625059,103.14,1.0029,0.501391361,993.6,1.2538,30.28
1.053,1.0195,0.629544,103.06,1.01535,0.504973994,994.6,1.2602,30.29
1.0555,1.0132,0.637735,103.36,1.0352,0.506945149,996.8,1.2711,30.29
1.0555,1.0164,0.640307,104.38,1.0338,0.502866338,993,1.2796,30.34
1.0673,1.016,0.638835,104.74,1.0341,0.501290824,994.3,1.2744,30.41
1.0688,1.0131,0.642405,104.74,1.038,0.507266594,996.5,1.2903,30.41
1.071,1.0095,0.640266,104.14,1.0352,0.504910252,999.7,1.2796,30.449
1.0664,1.0189,0.646475,103.87,1.0479,0.506406036,999.7,1.2867,30.449
1.0732,1.0183,0.648193,104.69,1.0577,0.506354752,1002.6,1.2802,30.45
1.0633,1.0125,0.645182,104.69,1.0532,0.50785912,1002.6,1.274,30.5
1.0589,1.0035,0.641746,104.69,1.0391,0.505932053,1006.9,1.3058,30.49
1.0567,1.0021,0.649456,104.87,1.0545,0.512426339,1012.9,1.2796,30.515
1.0638,1.0149,0.649161,104.84,1.05055,0.511142916,1021,1.295,30.84
1.0619,1.0061,0.645515,103.82,1.041,0.513808606,1043.2,1.3009,30.65
1.0669,1.0039,0.64348,102.91,1.0445,0.509904903,1043.2,1.2972,30.85
1.0565,1.0005,0.646475,103.92,1.0534,0.513782208,1047.4,1.3086,30.855
1.066,1.002,0.646099,104.86,1.0546,0.51502588,1043.8,1.3135,31.01
1.0711,0.9998,0.647522,105.32,1.0567,0.513795407,1047.5,1.3111,30.88
1.0583,0.9968,0.641952,104.78,1.0476,0.511862411,1049.4,1.2928,30.66
1.047,0.9968,0.644351,104.13,1.0528,0.513109959,1042.2,1.2952,30.545
1.0432,0.993,0.638794,104.32,1.0367,0.508052634,1039.9,1.291,30.58
1.0431,0.9844,0.633092,103.52,1.0244,0.509087207,1043.2,1.2857,30.49
1.0369,0.9861,0.63595,102.86,1.031,0.504706387,1047.6,1.2768,30.375
1.0438,0.9883,0.634457,104.16,1.0239,0.504579055,1043.1,1.2732,30.5
1.04,0.9896,0.633934,103.18,1.0243,0.504540868,1044.4,1.2715,30.49
1.0379,0.9932,0.637775,103.38,1.0346,0.506367572,1048.7,1.2669,30.525
1.0404,0.9915,0.63908,104.17,1.0374,0.50485927,1045,1.2732,30.51
1.0403,0.9872,0.644641,104.81,1.0498,0.505855275,1037.7,1.2834,30.455
1.0461,0.9942,0.642818,105.75,1.0423,0.506021658,1031.4,1.2763,30.413
1.0502,1.0013,0.64348,105.3,1.0372,0.509242756,1026.7,1.2732,30.215
1.0474,1.0051,0.647941,104.42,1.0435,0.508543531,1026.9,1.2816,30.28
1.0453,1.0145,0.648235,105.15,1.0423,0.511875512,1016.6,1.2982,30.35
1.0471,1.0198,0.641746,105.42,1.0391,0.511587456,1015.2,1.3058,30.4
1.0424,1.0187,0.633613,106.06,1.0185,0.507652867,1015.2,1.3018,30.33
1.0424,1.0225,0.639284,105.09,1.0275,0.505932053,1022.5,1.3196,30.29
1.054,1.0243,0.646935,106.78,1.0424,0.512111435,1028.8,1.3291,30.358
1.0588,1.0174,0.642818,107.45,1.0311,0.509372453,1028.8,1.3217,30.375
1.0662,1.0232,0.647186,107.05,1.0404,0.51394064,1027.3,1.3326,30.45
1.0636,1.0282,0.649878,107.95,1.0472,0.514231353,1029.9,1.3349,30.455
1.0645,1.0211,0.646475,108.26,1.0452,0.509320566,1034.6,1.3287,30.385
1.0608,1.0199,0.644891,108.28,1.0419,0.512124549,1040.8,1.3231,30.315
1.0621,1.0186,0.643977,107.92,1.0368,0.51055574,1030.2,1.318,30.35
1.0566,1.0132,0.645078,107.74,1.0449,0.507305195,1022.6,1.3126,30.375
1.0508,1.0172,0.640307,108.03,1.0355,0.506200962,1026.4,1.3149,30.38
1.0479,1.0163,0.644517,107.37,1.0455,0.510347291,1026.7,1.3207,30.4
1.0496,1.0136,0.642281,108,1.0412,0.507318063,1033.4,1.3175,30.435
1.0453,1.0135,0.638345,107.82,1.0352,0.508091355,1034.5,1.3177,30.385
1.0425,1.0121,0.63486,108,1.0243,0.50275257,1035,1.3248,30.375
1.0417,1.0123,0.633453,106.96,1.01835,0.502121463,1035,1.3141,30.38
1.0389,1.0186,0.634739,106.42,1.0209,0.502474688,1043.4,1.3129,30.354
1.0468,1.0186,0.633092,106.24,1.0197,0.502171893,1043.9,1.3194,30.355
1.0418,1.0129,0.629267,106.04,1.0133,0.501982832,1045.7,1.3151,30.37
1.0391,1.0206,0.637085,106.01,1.0268,0.504350019,1047.1,1.3222,30.39
1.0395,1.0155,0.636801,106.71,1.0256,0.504439064,1037.6,1.3151,30.41
1.041,1.0173,0.63591,106.86,1.02665,0.507755972,1047.6,1.3278,30.4
1.0479,1.0207,0.638264,107.09,1.0336,0.507125108,1041,1.3289,30.4
1.051,1.0108,0.635364,107.46,1.02865,0.505395093,1031.7,1.3214,30.395
1.0413,1.0102,0.633493,106.93,1.028,0.505548394,1014.7,1.318,30.42
1.0414,1.0092,0.627057,107.04,1.016,0.502866338,1000.2,1.3144,30.38
1.0328,1.0061,0.628832,106.71,1.0169,0.502033235,1002,1.3091,30.405
1.0256,1.002,0.628397,106.11,1.0085,0.498802873,1003.7,1.2963,30.395
1.0219,1.0017,0.632091,104.82,1.0178,0.500926714,1006.3,1.2965,30.37
1.0232,1.0016,0.630577,105.09,1.01945,0.498280931,1007.6,1.3101,30.36
1.0284,1.0053,0.630855,106.49,1.0228,0.500889078,1009.9,1.3103,30.36
1.0252,1.0021,0.627924,106.49,1.0173,0.501039657,1012.6,1.313,30.36
1.0252,1.0085,0.633412,106.5,1.0303,0.500851447,1015.8,1.3168,30.38
1.0323,1.0088,0.637531,107.35,1.0383,0.500838905,1017.5,1.3439,30.395
1.0431,1.0114,0.637775,107.9,1.0367,0.504350019,1013.4,1.3461,30.42
1.0434,1.0164,0.636801,107.34,1.0363,0.503157312,1008.9,1.3475,30.41
1.0481,1.0222,0.635344,108,1.0342,0.502159285,1007.8,1.3426,30.41
1.0435,1.0261,0.641663,107.42,1.0469,0.50485927,1006.2,1.3526,30.47
1.0551,1.0242,0.641952,108.09,1.0485,0.505241885,1010,1.3613,30.515
1.06,1.0257,0.641128,108.12,1.0476,0.504821041,1008.5,1.3639,30.59
1.0668,1.0253,0.642446,107.79,1.04965,0.506611277,1011.5,1.374,30.7
1.0668,1.0253,0.642158,107.6,1.0485,0.508724627,1013.8,1.3719,30.68
1.0845,1.0426,0.647228,108.26,1.0548,0.511522034,1016.9,1.3774,30.75
1.0894,1.047,0.648782,108.43,1.0594,0.512636489,1017.3,1.3935,30.74
1.0978,1.0511,0.65255,109.38,1.0612,0.514337148,1016.5,1.4013,30.91
1.1169,1.0678,0.666023,109.6,1.08235,0.521934288,1015.6,1.4186,31.13
1.1293,1.0676,0.671456,109.94,1.087,0.521512386,1023.3,1.4329,31.187
1.144,1.064,0.670488,110.18,1.0867,0.525983589,1033.6,1.4425,31.185
1.1553,1.0657,0.670174,109.02,1.0852,0.536221781,1033.4,1.4229,31.14
1.149,1.062,0.675607,109.42,1.0944,0.533248014,1037.8,1.4312,31.26
1.1575,1.0609,0.68011,109.93,1.096,0.536696632,1037.8,1.4149,31.36
1.1446,1.0605,0.681269,110.19,1.0985,0.535977489,1038.5,1.4092,31.32
1.1527,1.0607,0.676476,109.99,1.09125,0.537028087,1043.8,1.4025,31.39
1.1467,1.0628,0.678265,109.89,1.0988,0.538039384,1047.5,1.4037,31.4
1.1456,1.0456,0.671254,109.74,1.0865,0.533077456,1049.1,1.3875,31.395
1.136,1.0458,0.676201,108.71,1.099,0.538111766,1051.5,1.4096,31.37
1.1583,1.0464,0.677805,110.29,1.0957,0.539694533,1054.5,1.4192,31.43
1.1655,1.0483,0.68285,109.45,1.1002,0.543862512,1073.2,1.4366,31.53
1.1651,1.0486,0.679509,109.29,1.0975,0.543980852,1086.1,1.4243,31.48
1.1533,1.0526,0.680527,109.54,1.0994,0.546672133,1085.1,1.4251,31.478
1.1575,1.0626,0.681524,109.36,1.1014,0.548260643,1081.8,1.4245,31.52
1.1714,1.0626,0.685518,108.64,1.1025,0.55595708,1087,1.4384,31.6
1.1813,1.0701,0.688871,108.54,1.1067,0.55983205,1108.1,1.4558,31.8
1.2115,1.0607,0.689964,108.88,1.1062,0.562872903,1117.7,1.4609,31.85
1.1998,1.0642,0.702075,108.32,1.1134,0.564190809,1151.6,1.5035,31.77
1.2249,1.0641,0.701139,106.78,1.1189,0.566027056,1135.7,1.4948,31.905
1.1977,1.0696,0.708291,108.5,1.1316,0.56679703,1126.5,1.4937,31.77
1.2422,1.0679,0.708893,107.75,1.1281,0.56679703,1092.6,1.5024,31.88
1.2399,1.0738,0.71605,107.15,1.1389,0.56967073,1101,1.5309,31.88
1.256,1.0796,0.713343,107.53,1.1371,0.57123272,1089.7,1.5235,32.06
1.2425,1.0609,0.703161,107.2,1.1305,0.5599888,1106,1.4968,32.05
1.2111,1.0677,0.70055,107.2,1.1131,0.557584544,1106,1.5181,32.06
1.265,1.0734,0.709346,104.39,1.1241,0.563602547,1108.7,1.5218,32.075
1.2516,1.0783,0.698105,106.46,1.1041,0.556885894,1150.7,1.5188,32.09
1.2601,1.0701,0.698153,104.85,1.1071,0.549692172,1134.2,1.4832,32.23
1.2305,1.047,0.691252,106.23,1.1052,0.545657927,1146.7,1.4524,32.17
1.2026,1.0382,0.675698,106.98,1.0728,0.542269942,1135.5,1.4503,32.02
1.1864,1.0355,0.681547,106.98,1.0857,0.539083558,1135.6,1.4652,31.93
1.1953,1.0351,0.684205,105.46,1.0923,0.539869352,1150.6,1.4658,31.96
1.1945,1.0338,0.684111,106.08,1.0895,0.541389205,1153.9,1.4693,32.02
1.2032,1.0349,0.684767,106.11,1.0904,0.54254944,1161.4,1.4569,32.06
1.2077,1.0394,0.69365,106.91,1.09,0.552669393,1157.5,1.4941,32.06
1.2506,1.0599,0.708441,103.57,1.1208,0.561025555,1187.7,1.4911,32.13
1.256,1.0609,0.713852,106.5,1.1257,0.5648122,1214.8,1.4865,32.05
1.2645,1.0769,0.724559,106.29,1.1372,0.568779683,1191.2,1.5237,32.16
1.2814,1.0812,0.725452,105.08,1.1293,0.563412023,1191.2,1.5122,32.19
1.2814,1.1027,0.741592,104.47,1.1482,0.576618135,1210.3,1.5931,32.345
1.3845,1.1058,0.734295,101.63,1.1384,0.568165677,1261.9,1.5974,32.362
1.4182,1.1249,0.733541,101.61,1.12785,0.57700075,1334.7,1.6534,32.51
1.4459,1.1486,0.735375,99.98,1.1277,0.580080051,1372.7,1.6556,32.44
1.5265,1.1907,0.746074,99.12,1.1347,0.587509547,1420.3,1.6804,32.44
1.5147,1.1907,0.735483,99.12,1.1378,0.574151691,1372.8,1.6279,32.37
1.4118,1.1602,0.734241,102.82,1.1365,0.570109176,1252.2,1.6134,32.39
1.432,1.1802,0.742914,101.67,1.1318,0.572803299,1205,1.6793,32.404
1.4968,1.1952,0.741757,100.06,1.1352,0.580399896,1236.3,1.6194,32.54
1.4495,1.1823,0.745462,101.68,1.13715,0.579542162,1327.8,1.6321,32.575
1.4278,1.1976,0.750103,101.86,1.1507,0.58365191,1337.2,1.6129,32.58
1.4391,1.2202,0.766019,101.95,1.1527,0.589761736,1305.2,1.6426,32.7
1.501,1.2499,0.779697,100.46,1.1645,0.612163693,1323.9,1.6849,32.98
1.5008,1.2573,0.771337,97.67,1.15865,0.617417343,1365.4,1.6748,33.33
1.5352,1.2732,0.79186,97.32,1.1671,0.631991405,1414.3,1.794,33.465
1.6145,1.293,0.802472,94.28,1.1568,0.646307966,1429.6,1.845,33.5
1.6335,1.2943,0.780244,93.38,1.1528,0.641354541,1432.1,1.7382,33.47
1.5684,1.2308,0.772111,97.9,1.1307,0.613289994,1478.5,1.7218,33.289
1.4601,1.2221,0.776669,98.59,1.1426,0.614930513,1414.7,1.6955,32.74
1.497,1.2165,0.78533,98.4,1.1591,0.618907628,1291.4,1.7153,33
1.4674,1.1875,0.794691,98.4,1.1788,0.63097454,1277.1,1.6943,32.87
1.5051,1.1499,0.769527,99.1,1.1627,0.622161389,1283.6,1.6491,32.84
1.4531,1.1596,0.773485,99.77,1.159,0.61858221,1281.5,1.6781,32.818
1.4859,1.1818,0.788706,98.14,1.1793,0.62916824,1265.9,1.7077,32.81
1.4872,1.1835,0.786473,97.11,1.17865,0.634437254,1320.2,1.6912,32.82
1.4558,1.1942,0.784283,99.2,1.1785,0.636962961,1339.5,1.7132,32.82
1.4859,1.1942,0.799265,97.5,1.1877,0.648508431,1324.5,1.7492,32.87
1.5158,1.2295,0.802858,97.55,1.1875,0.664584303,1337,1.7973,32.99
1.5642,1.2315,0.781983,95.63,1.1878,0.675242243,1346.3,1.7489,33.175
1.5225,1.2247,0.793934,97.17,1.1964,0.674468013,1393.9,1.8073,33.08
1.5451,1.2211,0.791421,96.52,1.1992,0.667467628,1390.5,1.8205,33.16
1.5475,1.2239,0.791296,96.45,1.2027,0.666266907,1409.7,1.8113,33.23
1.5526,1.237,0.800032,96.55,1.2127,0.661769572,1425.2,1.8433,33.265
1.5746,1.2855,0.802987,95.82,1.2238,0.67688767,1449,1.9131,33.405
1.6166,1.2854,0.79425,94.2,1.2231,0.676223965,1488.4,1.8688,33.39
1.5848,1.225,0.77229,94.2,1.1932,0.6629761,1509,1.8215,33.425
1.5555,1.2209,0.765902,96.64,1.1842,0.65376569,1498.3,1.8212,33.355
1.5485,1.2342,0.776488,94.97,1.20255,0.649245252,1489.6,1.8149,33.189
1.5378,1.2329,0.775404,95.35,1.2007,0.648887159,1489.9,1.8139,33.3
1.5216,1.2372,0.787867,95.54,1.21375,0.651699306,1482.7,1.8208,33.34
1.543,1.2377,0.792613,95.31,1.2042,0.673854447,1463.3,1.8896,33.35
1.5605,1.2421,0.786071,93.69,1.2062,0.669478476,1461.2,1.8783,33.485
1.5494,1.2573,0.786565,93,1.20895,0.674809366,1459.4,1.872,33.52
1.5523,1.254,0.782932,93.23,1.19505,0.680943788,1463.6,1.8769,33.55
1.5526,1.2969,0.786194,92.56,1.2204,0.686365352,1473.2,1.8741,33.489
1.537,1.2572,0.772947,92.71,1.2052,0.67281168,1481.5,1.8288,33.51
1.5216,1.2603,0.773724,92.96,1.2055,0.675766996,1456.8,1.8443,33.545
1.5117,1.2557,0.76799,92.63,1.1986,0.674718305,1445,1.8403,33.45
1.523,1.2183,0.749372,92.63,1.1849,0.669299244,1418.7,1.8123,33.3
1.5191,1.2452,0.748447,91.57,1.1779,0.670061646,1350.2,1.8265,33.3
1.4932,1.2352,0.729794,91.13,1.1578,0.650999284,1359.4,1.8057,33.2
1.4932,1.2239,0.711794,90.48,1.1197,0.654022237,1350.8,1.7292,33
1.4298,1.2058,0.694227,89.03,1.07335,0.64823518,1357.3,1.6866,32.67
1.4196,1.1965,0.700943,87.45,1.08155,0.651975486,1323.1,1.7109,32.46
1.4586,1.2275,0.71914,89.87,1.1037,0.670353612,1296.5,1.7432,32.53
1.4669,1.2188,0.716974,90.01,1.09225,0.678725354,1289.9,1.7473,32.93
1.4631,1.2166,0.718055,90.01,1.08865,0.680549884,1296.7,1.7646,32.96
1.4762,1.2125,0.713699,90.72,1.0734,0.679347826,1333.7,1.7379,33.02
1.4762,1.2125,0.713496,90.44,1.0778,0.679347826,1333.7,1.7416,33.03
1.4762,1.2125,0.711972,90.84,1.0691,0.679925208,1319,1.7322,33.025
1.4554,1.2167,0.716307,90.74,1.06025,0.686836773,1285.9,1.731,32.99
1.4463,1.2217,0.708692,91.03,1.0563,0.693072738,1281.8,1.7334,32.79
1.4434,1.2246,0.716153,91.03,1.069,0.695531212,1257.5,1.7163,32.86
1.4434,1.2246,0.714056,91.03,1.0654,0.695531212,1257.5,1.7164,32.86
1.4351,1.2107,0.718365,91.03,1.0794,0.689512515,1257.5,1.7071,32.86
1.4063,1.1914,0.733649,92.05,1.1108,0.686506711,1320.2,1.6975,32.995
1.4037,1.1823,0.740768,93.1,1.1164,0.680781537,1307.3,1.6731,33.05
1.3845,1.1853,0.732225,93.85,1.10115,0.659652363,1312.2,1.6906,32.96
1.4172,1.1888,0.729634,92.78,1.0936,0.658002961,1292.1,1.6832,33.11
1.4144,1.1923,0.743246,91.38,1.1145,0.656685054,1321,1.6903,33.145
1.4474,1.2077,0.748139,91.38,1.1147,0.673809043,1329.3,1.7434,33.23
1.4758,1.2257,0.758639,89.48,1.1192,0.686860361,1360.3,1.8054,33.24
1.4843,1.2383,0.759792,89.27,1.1179,0.687379709,1362.4,1.8477,33.25
1.5195,1.2625,0.76118,89.24,1.1236,0.686553843,1344.6,1.8481,33.38
1.4857,1.2542,0.753693,90.06,1.1183,0.674036128,1372.6,1.8265,33.35
1.4684,1.2521,0.76555,91.02,1.1346,0.688610384,1372,1.8667,33.525
1.5149,1.2605,0.777635,90.43,1.1495,0.716127184,1359.9,1.9331,33.637
1.53,1.2741,0.765374,89.92,1.1512,0.728173014,1375.6,1.873,33.559
1.5175,1.263,0.768138,88.87,1.1526,0.727378528,1374.5,1.8972,33.55
1.5342,1.248,0.770149,89.16,1.156,0.731582413,1371.8,1.8868,33.596
1.5342,1.2205,0.757146,88.89,1.1351,0.717437314,1371.8,1.8904,33.596
1.5076,1.2299,0.758466,89.35,1.1416,0.705666502,1371.8,1.8936,33.596
1.5006,1.2098,0.760312,89,1.1529,0.698836437,1391,1.9051,33.596
1.5147,1.2188,0.772887,90.46,1.1545,0.698177756,1383.1,1.9486,33.596
1.5533,1.2364,0.780549,89.55,1.1603,0.693625581,1368.5,1.9654,33.596
1.5823,1.2404,0.780305,89.73,1.1626,0.706114956,1382.5,1.9928,33.745
1.5664,1.2337,0.768197,89.43,1.1444,0.696645651,1392.1,1.9478,33.72
1.5439,1.2266,0.779089,89.39,1.1599,0.68754512,1390.5,1.9673,33.67
1.5535,1.2303,0.782075,89.42,1.1723,0.683573723,1376.2,1.9391,33.682
1.5335,1.2389,0.773126,90.93,1.16305,0.678725354,1382.7,1.879,33.73
1.4937,1.2192,0.769231,91.86,1.1643,0.670645832,1379.1,1.8591,33.75
1.4957,1.2332,0.774743,91.25,1.1562,0.680804711,1376.2,1.9109,33.965
1.5265,1.2424,0.776066,91.25,1.1601,0.696694186,1387,1.9026,33.99
1.5198,1.2477,0.775434,90.25,1.1607,0.701582068,1397.7,1.9142,34.02
1.5211,1.2433,0.777393,90.74,1.1603,0.693000693,1394.8,1.9091,34.05
1.5347,1.2437,0.781403,91.66,1.1606,0.702173226,1402.2,1.9307,34.26
1.5557,1.2601,0.795007,91.86,1.17,0.701532849,1411.4,1.9677,34.6
1.5645,1.2596,0.796527,92.27,1.1756,0.704721635,1444.6,1.9581,34.69
1.555,1.2595,0.788115,93.75,1.1725,0.698738777,1465.7,1.9658,34.66
1.564,1.2541,0.77994,94.18,1.1565,0.698129014,1474,1.9539,34.84
1.5404,1.2512,0.786751,93.17,1.1682,0.687001924,1500.5,1.9697,34.615
1.5489,1.247,0.776971,94.3,1.1585,0.693385106,1496.6,1.9429,34.78
1.5354,1.2556,0.786133,96.72,1.17,0.702419836,1510.8,1.9643,34.75
1.538,1.2456,0.785268,97.51,1.1648,0.696257615,1508.2,1.9697,34.84
1.5494,1.2707,0.789235,97.81,1.1701,0.701582068,1516.4,1.9964,34.95
1.5808,1.289,0.796273,97.14,1.1768,0.714005212,1525.2,2.0309,35.165
1.5649,1.2938,0.797226,97.23,1.1773,0.712098554,1573.6,2.0227,35.08
1.5808,1.2765,0.790545,98.39,1.1678,0.708893063,1570.4,1.981,35.065
1.5545,1.2877,0.797353,99.28,1.17075,0.708165144,1559.5,2.0096,34.945
1.5557,1.2863,0.79017,98.5,1.1591,0.70666384,1545.3,1.9904,34.78
1.5632,1.3,0.794187,98.12,1.16015,0.726849833,1567.7,2.0292,34.81
1.5664,1.2797,0.787061,99.07,1.1595,0.722438954,1548.8,1.9775,34.6
1.5581,1.2807,0.779818,98.72,1.1545,0.725979164,1529.5,1.9531,34.51
1.5427,1.2905,0.775885,97.17,1.188,0.724165399,1480,1.9268,34.48
1.5309,1.2749,0.773485,97.58,1.1852,0.715768377,1487.4,1.9051,34.495
1.5235,1.2724,0.770921,98.4,1.1856,0.709874352,1482.4,1.8889,34.41
1.5131,1.2718,0.767018,98.48,1.1806,0.71331764,1458,1.8825,34.25
1.5122,1.272,0.741207,98.73,1.1403,0.715819613,1416.7,1.8347,34.15
1.4806,1.2325,0.732252,96.39,1.1241,0.685518423,1415.4,1.7957,33.88
1.4526,1.2371,0.736323,96.39,1.12745,0.692880651,1391.4,1.7892,33.775
1.4355,1.2323,0.73408,96.19,1.1249,0.689845475,1399.3,1.7541,33.78
1.4194,1.2262,0.741098,97.71,1.1296,0.678978816,1396.3,1.7727,33.77
1.4339,1.2245,0.736404,97.87,1.1214,0.685588921,1382.1,1.7578,33.89
1.432,1.233,0.738907,97.72,1.12685,0.689774099,1384.8,1.7298,33.82
1.4294,1.2392,0.752361,98.59,1.14375,0.698153384,1343.7,1.7548,33.77
1.4635,1.259,0.757432,98.14,1.1487,0.704771302,1328.9,1.7781,34
1.455,1.2602,0.755116,98.23,1.13875,0.697666306,1377.1,1.7883,33.917
1.4529,1.2643,0.755601,98.89,1.1463,0.69533776,1398.2,1.7646,33.835
1.4219,1.2384,0.742639,98.59,1.13395,0.678518116,1376.8,1.7253,33.41
1.4004,1.2337,0.741757,99.89,1.131,0.675447484,1349.5,1.7056,33.37
1.3935,1.2429,0.746241,100.77,1.1368,0.675835502,1332.6,1.7036,33.2
1.4033,1.2341,0.753721,100.6,1.1428,0.677920141,1316.2,1.7382,33.54
1.4174,1.2354,0.753721,100.66,1.1473,0.682896848,1324.3,1.7277,33.89
1.4061,1.2274,0.759965,99.82,1.1564,0.682151506,1346.8,1.7144,33.775
1.4061,1.2274,0.758236,100.66,1.1546,0.682151506,1337.2,1.7138,33.79
1.4061,1.2212,0.748027,100.36,1.1332,0.675812665,1321.3,1.6886,33.69
1.3732,1.2092,0.753949,100.37,1.1376,0.671298627,1332.2,1.7182,33.59
1.3933,1.2038,0.756802,98.84,1.1438,0.667467628,1325.3,1.7227,33.79
1.3787,1.2062,0.758754,99.41,1.1473,0.670645832,1337.6,1.7467,33.8
1.3891,1.2146,0.766607,99.73,1.166,0.67549311,1325.9,1.7609,33.81
1.392,1.2343,0.773664,99.23,1.169,0.687805214,1328.1,1.8077,33.82
1.4237,1.2358,0.77235,98.07,1.1678,0.683947746,1340.6,1.7784,33.86
1.4178,1.236,0.769024,98.6,1.1638,0.687899842,1352.4,1.8012,33.86
1.4116,1.229,0.761354,97.79,1.1513,0.684392431,1345.9,1.7822,33.81
1.4045,1.2093,0.755144,97.83,1.1392,0.679578661,1349.1,1.7467,33.71
1.4027,1.2107,0.768138,96.98,1.1567,0.681988679,1341.7,1.7709,33.73
1.4257,1.2238,0.761238,96.56,1.1439,0.682291134,1340.3,1.7931,33.795
1.4031,1.2008,0.754518,96.56,1.1369,0.677277345,1351.7,1.7724,33.651
1.3765,1.194,0.756172,97.78,1.1409,0.674854906,1348,1.7753,33.233
1.3748,1.1872,0.753324,99.08,1.1358,0.673128702,1348,1.7544,33.233
1.3598,1.1781,0.745295,99.08,1.1261,0.668091929,1307.3,1.7331,33.1
1.3501,1.176,0.75123,99.08,1.134,0.663459944,1307.3,1.7253,33.07
1.3557,1.1731,0.751174,99.08,1.1333,0.664540138,1274.6,1.7114,33.17
1.3271,1.1714,0.746965,98.64,1.1301,0.664761018,1278.5,1.6863,33.13
1.3235,1.1581,0.733218,99.34,1.1055,0.663856341,1262.4,1.6562,33.04
1.3041,1.1591,0.736458,98.56,1.1101,0.661813369,1256,1.6647,32.88
1.316,1.1676,0.732842,97.5,1.1058,0.654943184,1236.1,1.6567,32.89
1.3002,1.1683,0.735754,95.89,1.1075,0.659739403,1244.8,1.688,32.89
1.3293,1.1727,0.73338,95.46,1.1046,0.66041474,1238.9,1.6779,32.95
1.3173,1.1756,0.740988,96.05,1.1215,0.655393892,1259.7,1.7091,32.95
1.3314,1.1756,0.737653,94.84,1.1147,0.653253201,1261.7,1.6815,32.99
1.305,1.1569,0.733756,96.22,1.1097,0.645057249,1267.5,1.6647,32.88
1.2995,1.1434,0.726454,95.92,1.1012,0.639038886,1243.4,1.6554,32.82
1.2897,1.1414,0.719192,94.46,1.0927,0.63627398,1250.2,1.6343,32.73
1.2858,1.1233,0.714592,94.15,1.0849,0.629802242,1247.6,1.6121,32.67
1.2802,1.1258,0.713853,94.54,1.0832,0.628950596,1242.4,1.6107,32.625
1.2811,1.1199,0.714746,94.85,1.0835,0.627234523,1252.5,1.6006,32.66
1.2729,1.112,0.722753,95.14,1.0924,0.623674691,1260.2,1.6277,32.65
1.2855,1.1124,0.717541,95.96,1.0854,0.626252505,1258.8,1.6022,32.65
1.2639,1.0961,0.706514,96.48,1.0668,0.62013581,1272.9,1.5617,32.65
1.2422,1.0872,0.705941,94.97,1.06995,0.608716825,1258.8,1.5389,32.3
1.2361,1.0827,0.699032,96.3,1.0616,0.603791813,1248.7,1.5251,32.4
1.2108,1.0976,0.706589,95.66,1.0712,0.610277066,1237.3,1.5762,32.48
1.2495,1.0999,0.704796,96.21,1.06865,0.617017338,1236.7,1.5756,32.58
1.2436,1.1146,0.715564,96.65,1.0856,0.624570608,1246.5,1.5979,32.607
1.2436,1.123,0.719528,98.61,1.09165,0.625606056,1245.4,1.6127,32.87
1.2679,1.1041,0.710909,98.41,1.07825,0.614533723,1251.5,1.5978,32.84
1.2366,1.1101,0.715948,97.18,1.0819,0.611209584,1258.4,1.5845,32.71
1.2355,1.0982,0.708944,98.22,1.07075,0.605326877,1252.8,1.5542,32.78
1.228,1.1177,0.713064,97.8,1.0791,0.607533414,1251.3,1.5552,32.79
1.2446,1.1341,0.725058,98.22,1.0922,0.612107486,1251.4,1.5865,32.94
1.2612,1.1327,0.722726,97.35,1.08855,0.608346514,1260.9,1.5894,32.885
1.258,1.1371,0.717257,96.51,1.07995,0.614024315,1266.1,1.5776,32.89
1.2598,1.1273,0.719114,95.72,1.08615,0.611807892,1260,1.5667,32.9
1.2455,1.1287,0.717206,96.71,1.0811,0.608494584,1263.2,1.5563,32.87
1.2478,1.1547,0.721397,96.19,1.0864,0.609904855,1266.4,1.5888,32.889
1.2811,1.156,0.710278,95.42,1.06695,0.613045611,1270.4,1.5639,32.92
1.2566,1.1461,0.718082,95.42,1.09805,0.606464916,1287.7,1.5658,32.86
1.2509,1.158,0.714899,95.91,1.09375,0.61368518,1281,1.5485,32.925
1.2425,1.1531,0.711567,95.76,1.08375,0.60547348,1283.6,1.5488,32.92
1.2492,1.1583,0.710404,95.32,1.0834,0.604284376,1286.9,1.5376,32.94
1.2324,1.1625,0.712479,96.01,1.086,0.607219844,1284.7,1.5478,32.818
1.2442,1.1625,0.706614,96.35,1.0744,0.606759299,1277.9,1.5626,32.78
1.2438,1.1604,0.717309,96.6,1.0888,0.610948192,1269.1,1.5931,32.9
1.2545,1.1621,0.716127,95.81,1.08655,0.611845326,1263.5,1.5873,32.89
1.2579,1.1612,0.715538,95.76,1.0853,0.617398284,1272.2,1.5734,32.98
1.2553,1.1631,0.718262,95.32,1.08895,0.617836953,1267,1.5902,32.985
1.2708,1.1655,0.720617,94.51,1.09055,0.621600622,1268.6,1.5983,33.035
1.2835,1.1622,0.712936,92.96,1.0785,0.616010103,1278.8,1.5863,32.97
1.2796,1.165,0.717721,93.1,1.08655,0.617150616,1278.9,1.5935,33.05
1.2912,1.1539,0.715385,92.9,1.0831,0.620886626,1277.7,1.5816,33.18
1.2731,1.1368,0.71582,93.09,1.08855,0.614552606,1291.4,1.5613,33.09
1.2585,1.1194,0.708944,93.64,1.0747,0.60914324,1295.7,1.539,32.975
1.2528,1.1171,0.706814,94.32,1.07365,0.608605684,1282.6,1.5434,32.96
1.2486,1.1168,0.70927,93.79,1.07665,0.612670016,1266.7,1.5513,32.955
1.2392,1.1067,0.70284,93.79,1.0674,0.60714611,1261.2,1.5226,32.775
1.2296,1.1078,0.703606,94.01,1.06665,0.607644164,1252.5,1.5217,32.789
1.2264,1.0981,0.70368,93.48,1.06625,0.60843905,1250,1.5193,32.865
1.2226,1.0867,0.706215,93.7,1.074,0.604960678,1251,1.5284,32.796
1.2261,1.0842,0.703978,94.84,1.0719,0.609236018,1250.6,1.5247,32.955
1.2177,1.0835,0.701976,94.85,1.07,0.60622594,1247.5,1.5219,32.82
1.2042,1.088,0.705343,95.01,1.0749,0.607182975,1246.4,1.5196,32.74
1.2132,1.0889,0.712403,94.58,1.0881,0.609384522,1241.9,1.5354,32.86
1.2194,1.0815,0.710555,95.15,1.0876,0.606391365,1239.5,1.5338,32.855
1.2076,1.079,0.701755,95.47,1.06855,0.60319088,1240.5,1.511,32.818
1.2076,1.079,0.693578,94.74,1.05885,0.590824496,1230.7,1.4965,32.77
1.1867,1.0686,0.694421,95.24,1.0608,0.591575958,1222.3,1.4833,32.675
1.1886,1.072,0.693867,95.26,1.06205,0.589466238,1218.7,1.4859,32.72
1.1853,1.0759,0.696962,94.98,1.06535,0.595167242,1220.9,1.4932,32.765
1.1926,1.0837,0.704821,95.52,1.081,0.599610253,1222.8,1.4883,32.765
1.1926,1.0848,0.706939,97.18,1.0854,0.604796033,1226.3,1.4773,32.815
1.1979,1.0988,0.706914,96.87,1.0818,0.606060606,1223.6,1.4984,32.85
1.2148,1.0875,0.704077,96.01,1.0773,0.604741171,1237.7,1.4916,32.95
1.2148,1.0852,0.699839,96.12,1.0701,0.602663774,1248.1,1.4727,32.89
1.1862,1.0971,0.703978,95.44,1.072,0.604942379,1237.1,1.4747,32.895
1.2176,1.1079,0.710303,94.6,1.078,0.613120785,1235,1.4977,32.98
1.2133,1.1036,0.707564,94.75,1.07575,0.605070491,1249.2,1.4829,32.95
1.2127,1.0969,0.702445,94.75,1.06515,0.606097339,1256.7,1.4817,33.01
1.2035,1.0902,0.701755,94.26,1.0635,0.606575276,1250.5,1.4773,32.96
1.2115,1.0799,0.698178,94.05,1.05825,0.605730208,1247.8,1.4641,32.9
1.1916,1.0742,0.699179,94.64,1.0611,0.609310261,1248.2,1.4596,32.86
1.1975,1.0782,0.699399,94.18,1.0614,0.610724319,1242.1,1.4615,32.92
1.1949,1.0991,0.701755,94.02,1.06795,0.616788996,1246.7,1.4684,32.919
1.2077,1.096,0.696816,93.91,1.0585,0.61829536,1248.1,1.4543,32.915
1.1908,1.0879,0.69935,93.77,1.0597,0.613083195,1248.9,1.4615,32.92
1.1915,1.0967,0.697813,92.74,1.059,0.613572217,1244.9,1.4579,32.923
1.1876,1.1031,0.703186,93,1.06615,0.616294835,1246.9,1.4812,32.85
1.2018,1.1065,0.70109,92.81,1.06115,0.615327816,1245.8,1.4865,32.915
1.196,1.1034,0.701558,92.13,1.062,0.612107486,1249.8,1.4758,32.905
1.1903,1.0889,0.699643,92.7,1.0605,0.611770464,1246.9,1.4549,32.905
1.174,1.0889,0.697569,93.08,1.0597,0.610687023,1243.8,1.444,32.85
1.1674,1.0764,0.690394,92.95,1.04705,0.603682463,1235,1.437,32.75
1.1627,1.0787,0.686766,92.36,1.04055,0.603627803,1232.1,1.4354,32.74
1.1617,1.0812,0.685942,92.2,1.0389,0.599808061,1225.9,1.4215,32.64
1.1562,1.0746,0.686342,91.63,1.0384,0.598659004,1225.9,1.4134,32.625
1.1673,1.0857,0.683808,90.63,1.03475,0.60190201,1222.1,1.4265,32.665
1.16,1.0763,0.682082,91.04,1.0349,0.608587165,1224.8,1.4188,32.64
1.1598,1.0663,0.679717,90.89,1.0316,0.605968793,1220.6,1.4021,32.49
1.1409,1.0613,0.678449,91.12,1.0285,0.604686319,1211.6,1.4069,32.41
1.1492,1.0724,0.67981,91.23,1.03,0.61383586,1206.1,1.41,32.455
1.1574,1.0777,0.681431,91.23,1.03255,0.61798968,1208,1.415,32.415
1.1511,1.0683,0.67611,91.23,1.02385,0.610742969,1205.8,1.391,32.383
1.1418,1.0724,0.678841,91.23,1.0272,0.60905049,1204.1,1.3911,32.365
1.146,1.0869,0.682105,91.25,1.0295,0.622354991,1195.4,1.3966,32.395
1.1504,1.0915,0.680851,90.82,1.0277,0.627175515,1196.4,1.3903,32.43
1.1504,1.0861,0.683971,88.9,1.03255,0.629683269,1192.9,1.3955,32.47
1.1422,1.0871,0.68566,90.21,1.0364,0.62751004,1192.8,1.3989,32.375
1.1362,1.0722,0.683224,90.21,1.03605,0.625254009,1188.7,1.3821,32.2
1.1378,1.0774,0.688089,89.83,1.04125,0.625410426,1181.4,1.397,32.28
1.1497,1.0845,0.686248,89.58,1.0355,0.62916824,1181.4,1.3968,32.35
1.1497,1.0757,0.682594,89.82,1.0321,0.627175515,1175.2,1.368,32.255
1.1302,1.0571,0.679417,89.41,1.02705,0.62764789,1173.2,1.3611,32.16
1.1231,1.0619,0.680828,88.98,1.03295,0.628436764,1170.2,1.3573,32.15
1.1091,1.0535,0.676156,88.48,1.0259,0.621156594,1170.8,1.3468,32.14
1.1052,1.0424,0.678887,88.79,1.0319,0.627667587,1168.4,1.3624,32.24
1.1078,1.0424,0.676888,88.79,1.02675,0.633432571,1166.6,1.3633,32.29
1.1022,1.0298,0.673016,89.8,1.02195,0.63097454,1170,1.3528,32.3
1.0949,1.0292,0.669972,89.75,1.0147,0.626841346,1168,1.3513,32.233
1.0842,1.0303,0.669143,89.64,1.01485,0.614779294,1167.7,1.3428,32.22
1.0844,1.0389,0.670871,90.83,1.0184,0.611770464,1158.4,1.349,32.3
1.0844,1.0308,0.668248,90.91,1.0113,0.61014674,1158.8,1.3224,32.325
1.0765,1.05,0.669366,90.67,1.01225,0.60805059,1176.2,1.3336,32.273
1.0837,1.0412,0.666245,90.82,1.00615,0.601648517,1166.7,1.3177,32.355
1.081,1.0485,0.665624,91.07,1.0052,0.603409262,1179.1,1.3214,32.405
1.0767,1.0508,0.666534,91.5,1.00875,0.612013832,1183.2,1.3254,32.393
1.0818,1.0616,0.672473,92.05,1.0185,0.611620795,1184.6,1.3376,32.395
1.0883,1.0648,0.675265,92.06,1.0218,0.61212622,1180.4,1.345,32.46
1.0999,1.0756,0.679717,91.54,1.0268,0.610724319,1187.1,1.3877,32.49
1.113,1.0705,0.67415,90.53,1.01835,0.603937674,1193.6,1.3638,32.575
1.0916,1.0774,0.67944,91.44,1.0265,0.606667273,1200.6,1.3922,32.535
1.1068,1.0743,0.677094,90.06,1.02235,0.610575162,1183.4,1.3954,32.55
1.1091,1.0704,0.679579,90.06,1.0264,0.609997865,1188.2,1.3875,32.57
1.1077,1.0647,0.672156,90.07,1.01505,0.603209072,1178.9,1.3758,32.555
1.1045,1.0651,0.671998,90.61,1.0158,0.602337068,1181.2,1.3852,32.54
1.0949,1.072,0.673469,90.66,1.01695,0.602083208,1178.5,1.3774,32.505
1.0794,1.0566,0.666956,89.93,1.00795,0.597104045,1171.2,1.3476,32.36
1.0777,1.0518,0.667446,89.99,1.00815,0.597853705,1161.6,1.3461,32.345
1.0748,1.0518,0.667423,89.54,1.008,0.603118121,1158.7,1.352,32.31
1.0709,1.0519,0.673718,89.98,1.01765,0.604412209,1159.5,1.3656,32.33
1.0806,1.0508,0.670376,90.35,1.01185,0.599718132,1157.4,1.3445,32.34
1.0696,1.046,0.667891,89.4,1.0074,0.596214041,1161.1,1.336,32.19
1.07,1.0592,0.672608,89.15,1.01635,0.595397577,1155.1,1.3409,32.115
1.0769,1.05,0.668226,89.25,1.00975,0.596640912,1152.8,1.3401,32.125
1.0828,1.0638,0.670309,89.29,1.01345,0.601648517,1153.3,1.3668,32.285
1.0862,1.0696,0.67288,89.06,1.0178,0.605565144,1156.2,1.38,32.342
1.0874,1.0551,0.668159,89.06,1.0097,0.601811452,1162.6,1.3639,32.238
1.0846,1.0608,0.668405,88.85,1.0092,0.603045379,1157.1,1.3798,32.273
1.08,1.0501,0.660502,88.5,0.9963,0.600510434,1156.1,1.3661,32.235
1.0841,1.0595,0.666089,87.33,1.0033,0.606409751,1155,1.3963,32.23
1.1058,1.0624,0.668137,86.3,1.0057,0.606428138,1153.6,1.4083,32.3
1.0896,1.0574,0.666267,86.81,1.0051,0.609347389,1167.4,1.3972,32.185
1.0946,1.0432,0.6628,86.41,0.99905,0.601431407,1161.8,1.3767,32.19
1.0787,1.0468,0.664651,86.8,1.0018,0.600312162,1162.2,1.3849,32.17
1.0768,1.0542,0.66357,87.79,0.99995,0.603136309,1154.4,1.3842,32.155
1.0826,1.0517,0.673378,88.12,1.01655,0.604777744,1155.7,1.3942,32.17
1.0924,1.0511,0.674787,90.15,1.0199,0.608679774,1152.9,1.403,32.28
1.0949,1.0604,0.680342,89.18,1.0274,0.613440481,1155.8,1.4148,32.335
1.1039,1.0552,0.679025,88.55,1.0267,0.616579832,1154.6,1.3913,32.33
1.0946,1.0519,0.678657,88.26,1.0259,0.615308885,1161.8,1.373,32.3
1.0923,1.0585,0.683878,88.48,1.03455,0.616048052,1163.2,1.378,32.25
1.0985,1.0593,0.682315,88.93,1.0319,0.614854894,1164.9,1.374,32.3
1.0943,1.062,0.687947,88.73,1.0404,0.614892701,1163.6,1.3845,32.285
1.112,1.058,0.687924,89.7,1.0384,0.609849062,1161.6,1.3875,32.325
1.1244,1.0713,0.697107,89.94,1.04705,0.620039683,1166,1.409,32.323
1.1247,1.0678,0.697229,89.27,1.04195,0.62183254,1173.7,1.4059,32.375
1.1271,1.0594,0.70006,90.59,1.04615,0.622258175,1178.1,1.4181,32.38
1.1373,1.0556,0.701755,91.09,1.0488,0.627529729,1179.6,1.4245,32.35
1.1416,1.0476,0.697983,91.09,1.0393,0.626134869,1183.4,1.4201,32.35
1.1343,1.0488,0.695652,91.71,1.038,0.627766094,1183.6,1.416,32.295
1.1343,1.0488,0.694589,91.6,1.03585,0.627766094,1183.6,1.4156,32.274
1.1343,1.0488,0.695266,91.79,1.03435,0.624902359,1176.7,1.4108,32.28
1.1261,1.0405,0.69667,91.71,1.03675,0.626370185,1169.9,1.3921,32.28
1.1231,1.0525,0.697618,92.1,1.03685,0.624590113,1170.9,1.385,32.24
1.115,1.0466,0.698446,92.1,1.03565,0.619252562,1167.6,1.3781,32.078
1.115,1.0466,0.698032,92.1,1.0348,0.619252562,1167.6,1.3774,32.078
1.1148,1.0378,0.693818,92.93,1.0302,0.620366637,1167.6,1.362,31.85
1.0949,1.0372,0.695919,92.34,1.0336,0.623752495,1156.2,1.3614,31.86
1.0943,1.0334,0.693794,91.62,1.02755,0.625078135,1144.3,1.3547,31.865
1.084,1.0351,0.698397,92.4,1.03355,0.627490352,1138.2,1.3653,31.865
1.0924,1.0344,0.693794,93.37,1.0234,0.626507534,1133.2,1.3577,31.875
1.0742,1.0317,0.688966,93.37,1.0164,0.618371827,1132.9,1.346,31.775
1.0785,1.0375,0.689917,92.3,1.0177,0.617627077,1119.8,1.3532,31.78
1.0825,1.0322,0.689085,91.24,1.0184,0.614854894,1124.2,1.3508,31.8
1.0757,1.0261,0.689513,91.42,1.0181,0.6129141,1126.4,1.347,31.75
1.0785,1.0287,0.695169,91.3,1.02655,0.6152521,1122.1,1.3542,31.828
1.0841,1.0251,0.695096,90.79,1.0251,0.612144956,1123.2,1.3526,31.78
1.0826,1.0328,0.699276,90.75,1.0319,0.610798925,1126.9,1.3519,31.795
1.09,1.0478,0.709145,91.15,1.04415,0.614363826,1124.3,1.3892,31.95
1.0946,1.0487,0.709648,91.33,1.0425,0.618238022,1132.3,1.4076,31.91
1.1079,1.0564,0.707314,90.27,1.04155,0.620174269,1138.5,1.408,31.97
1.1027,1.0582,0.706614,89.95,1.0396,0.616998303,1150.1,1.4008,31.97
1.1027,1.0606,0.710454,90.41,1.0462,0.619271736,1149.1,1.4127,32.05
1.1027,1.0657,0.713318,89.54,1.05015,0.617646151,1151.2,1.4152,32.075
1.1099,1.0643,0.716179,90.25,1.0526,0.619693871,1159.4,1.4194,31.99
1.1225,1.065,0.721319,89.77,1.0606,0.624063904,1156.5,1.4265,31.99
1.1324,1.0653,0.717952,90.38,1.0559,0.628812174,1157.9,1.4094,32.09
1.1361,1.0607,0.716153,90.89,1.05515,0.626213288,1167.8,1.4042,32.055
1.1301,1.0609,0.719502,90.53,1.0591,0.62764789,1160.1,1.4133,31.995
1.1357,1.0734,0.728014,90.96,1.06655,0.633593107,1152.2,1.4568,32.01
1.1527,1.0725,0.731824,89.63,1.0733,0.639202276,1153.3,1.4533,32.185
1.1545,1.0692,0.732467,89.4,1.0731,0.639324873,1171,1.4633,32.185
1.1523,1.069,0.725163,89.33,1.0643,0.640779187,1172.6,1.4384,32.1
1.1523,1.0671,0.728491,89.95,1.0686,0.641477965,1166.6,1.4438,32.065
1.1254,1.0523,0.730888,89.95,1.0711,0.640656032,1157.9,1.4252,32.04
1.1249,1.0531,0.734349,89.76,1.07655,0.639304437,1157.1,1.4358,32.097
1.1269,1.048,0.735322,90.09,1.0779,0.638814361,1157.1,1.434,32.097
1.1189,1.0426,0.726296,90.05,1.0666,0.637877145,1154.9,1.4138,32.097
1.1091,1.0455,0.73497,90.27,1.07835,0.636010939,1152.9,1.4214,32.097
1.1168,1.0452,0.734403,91.06,1.0772,0.63934531,1142.7,1.4167,32.097
1.1225,1.042,0.734457,91.83,1.07565,0.648655661,1147.5,1.4302,32.097
1.1096,1.0428,0.735429,91.78,1.07615,0.645431955,1157.8,1.4262,32.08
1.1098,1.0517,0.740384,91.2,1.0841,0.647291087,1149.3,1.4451,32.05
1.1198,1.055,0.739044,90.25,1.08135,0.647291087,1148.5,1.4434,32.042
1.1257,1.0675,0.737681,90.23,1.0798,0.655608733,1156.1,1.4457,32.12
1.1237,1.0526,0.733864,89.43,1.07365,0.656857593,1158.4,1.433,32.085
1.1142,1.0421,0.737436,89,1.07935,0.669321643,1158.4,1.4296,32.03
1.1126,1.0326,0.735024,89.31,1.07555,0.669949419,1160.2,1.4369,32.035
1.105,1.0287,0.729954,88.63,1.0676,0.663768212,1152.7,1.4404,31.991
1.1085,1.0309,0.73635,88.52,1.077,0.664297339,1146.6,1.4564,31.955
1.1102,1.0286,0.734107,89.34,1.0744,0.662251656,1143.8,1.4355,32.02
1.0975,1.0286,0.733649,90.41,1.0739,0.663614042,1141.9,1.4286,31.86
1.0996,1.0251,0.735213,90.14,1.07535,0.667334001,1133.7,1.4228,31.85
1.0919,1.0243,0.732065,90.03,1.07005,0.667958052,1134.5,1.4248,31.8
1.0937,1.0265,0.731048,90.46,1.0685,0.664761018,1132.7,1.427,31.8
1.0918,1.0187,0.726613,90.64,1.05825,0.658891744,1131,1.4259,31.77
1.0943,1.0217,0.731235,90.8,1.0622,0.664805212,1131.1,1.4245,31.82
1.0927,1.0148,0.726111,90.25,1.0545,0.658197854,1133.9,1.4053,31.82
1.0883,1.0113,0.727908,90.43,1.0543,0.653787062,1133.7,1.4013,31.743
1.0846,1.0139,0.734916,90.39,1.0581,0.655909747,1129.5,1.4006,31.72
1.0852,1.0155,0.73888,90.5,1.0613,0.665978489,1131.3,1.412,31.78
1.0935,1.0193,0.737653,90.5,1.0584,0.663592024,1132.9,1.4156,31.8
1.0898,1.0178,0.740713,90.29,1.0572,0.663680106,1136.5,1.4138,31.84
1.0899,1.0267,0.751061,90.43,1.0733,0.670555891,1134.3,1.4251,31.813
1.0971,1.0188,0.753097,91.84,1.07405,0.671884973,1135.5,1.4213,31.875
1.0987,1.0285,0.745546,92.44,1.065,0.670938307,1141.2,1.422,31.88
1.1011,1.0203,0.741922,92.48,1.0628,0.667467628,1141.7,1.4094,31.81
1.0884,1.0188,0.745573,92.17,1.06645,0.661966703,1138.6,1.4082,31.805
1.0884,1.0156,0.740111,93.04,1.05385,0.659239238,1130.8,1.4072,31.819
1.0912,1.0075,0.736242,93.43,1.0542,0.654343203,1132.5,1.412,31.78
1.0912,1.0075,0.740521,93.82,1.0611,0.654343203,1128.3,1.4162,31.75
1.0912,1.0025,0.74151,94.4,1.0621,0.65387256,1124.3,1.4208,31.75
1.084,1.0001,0.746325,94.26,1.06875,0.657873096,1125.1,1.4168,31.69
1.0792,1.003,0.749597,93.76,1.07435,0.657721652,1123.1,1.4142,31.571
1.0782,1.002,0.748503,93.39,1.0729,0.655888237,1121.8,1.4136,31.6
1.0782,1.0055,0.740796,93.63,1.06565,0.651317289,1123.2,1.3969,31.57
1.0726,1.0015,0.736079,93.1,1.05985,0.649730362,1118.8,1.4052,31.555
1.0815,1.0028,0.734916,93,1.05405,0.650787453,1113,1.4023,31.525
1.0725,0.9961,0.732467,93.38,1.0522,0.64683053,1120.1,1.3988,31.45
1.0705,1.0014,0.73635,93.41,1.0558,0.645223731,1115.7,1.4033,31.375
1.0748,1.0148,0.740796,92.89,1.0615,0.649118821,1108.7,1.4117,31.363
1.0875,1.0201,0.741537,92.08,1.06315,0.6535307,1113.2,1.4041,31.486
1.0787,0.9986,0.744186,92.62,1.0688,0.651338501,1117,1.4051,31.44
1.0719,0.9984,0.746994,93.07,1.0708,0.649266329,1115.8,1.4096,31.383
1.0785,1.0013,0.752276,92.91,1.078,0.649941505,1110.1,1.4071,31.393
1.0855,1.0027,0.74705,93.38,1.07285,0.651338501,1110.5,1.3941,31.46
1.0855,1.0009,0.746464,94.2,1.0725,0.646621403,1110,1.3827,31.353
1.0811,1.0173,0.759561,93.78,1.0884,0.651784259,1104,1.4062,31.345
1.0855,1.0128,0.756773,93.06,1.0853,0.657700023,1106.8,1.3933,31.445
1.081,1.0054,0.756144,93.06,1.0847,0.654643056,1118.9,1.3822,31.445
1.0753,1.0116,0.751993,94.07,1.0777,0.653317218,1115.5,1.3751,31.418
1.0811,1.0134,0.757949,94.07,1.0858,0.65672818,1108.5,1.3683,31.41
1.086,1.0216,0.770328,94.07,1.10355,0.661725781,1115.8,1.3887,31.45
1.0989,1.0266,0.780397,94.07,1.1182,0.661572558,1115.8,1.3925,31.6
1.105,1.0437,0.790108,93.63,1.11125,0.667935745,1114.6,1.4069,31.71
1.1263,1.0431,0.783577,91.54,1.1077,0.681013348,1137.1,1.3999,31.75
1.1069,1.0246,0.782351,92.36,1.11035,0.667200427,1158.7,1.3837,31.55
1.1157,1.0195,0.790202,92.97,1.1117,0.672449734,1133.8,1.396,31.62
1.1206,1.0201,0.792299,92.82,1.1106,0.673015446,1130.1,1.4026,31.7
1.1101,1.0149,0.798117,93.18,1.11805,0.68136136,1138.1,1.4008,31.7
1.1181,1.0344,0.808865,92.77,1.1336,0.687025523,1131,1.4134,31.845
1.1403,1.0405,0.80681,92.24,1.13125,0.692928663,1133.1,1.4342,31.82
1.1438,1.033,0.820816,92.55,1.14965,0.692616706,1149.9,1.4467,31.86
1.1681,1.0515,0.80457,91.61,1.1497,0.696039535,1150.2,1.4727,31.989
1.2032,1.0659,0.802085,91.87,1.1523,0.699105145,1165.1,1.4998,32.1
1.2041,1.057,0.802085,89.96,1.1523,0.692592721,1165.1,1.4736,32.15
1.2099,1.057,0.809553,90.03,1.15985,0.694010688,1178.6,1.4932,32.099
1.2228,1.0778,0.808702,90.15,1.155,0.697520315,1212,1.4901,32.385
1.2157,1.0651,0.821828,90.18,1.1604,0.693337031,1255.1,1.5076,32.31
1.2011,1.0496,0.808473,90.04,1.1503,0.690917884,1252.9,1.4628,32.12
1.1732,1.0499,0.814996,91.22,1.159,0.691634679,1234.2,1.4714,31.98
1.1779,1.0462,0.812645,91.31,1.15505,0.68825493,1200.2,1.4688,32.225
1.1926,1.0479,0.817863,90.93,1.1565,0.680272109,1201.6,1.4804,32.22
1.2035,1.0404,0.81626,91.32,1.15475,0.686365352,1201.6,1.4671,32.28
1.1766,1.0416,0.822538,92.13,1.1567,0.683947746,1208.9,1.4609,32.13
1.1848,1.0516,0.835004,92.76,1.1629,0.686907542,1204.7,1.4911,32.35
1.2261,1.054,0.839278,91.13,1.1636,0.689893067,1201.1,1.5169,32.44
1.2198,1.0518,0.835074,91.62,1.1521,0.695942654,1234.8,1.4991,32.39
1.2155,1.0395,0.834307,91.35,1.14825,0.685213101,1233.5,1.4911,32.41
1.1926,1.0337,0.825832,91.24,1.1428,0.68189567,1242.2,1.4583,32.42
1.1836,1.0333,0.825559,91.67,1.14925,0.687190764,1261.5,1.4492,32.37
1.1836,1.0253,0.818431,91.77,1.1427,0.676269696,1240.9,1.4404,32.26
1.1677,1.0288,0.811425,91.71,1.13345,0.675037127,1225,1.4312,32.338
1.1567,1.0236,0.812513,91.66,1.1315,0.673990699,1223.9,1.4339,32.338
1.162,1.0284,0.807754,91.32,1.1122,0.676178241,1211,1.4164,32.28
1.1506,1.0238,0.807298,90.87,1.10845,0.675630025,1215.9,1.4147,32.16
1.1506,1.0199,0.81248,90.55,1.1125,0.674832136,1205.9,1.4143,31.75
1.1417,1.0201,0.815129,90.96,1.10755,0.676018252,1176.7,1.4183,31.9
1.1497,1.0434,0.811985,90.48,1.10435,0.671208511,1182.6,1.4024,31.9
1.1453,1.0432,0.8108,89.93,1.1022,0.668024984,1188.2,1.4115,32.03
1.1453,1.037,0.80795,89.69,1.093,0.667645881,1185.2,1.4005,32.18
1.1429,1.0337,0.814432,89.32,1.0871,0.661835269,1204.7,1.4118,32.09
1.157,1.0529,0.820883,89.39,1.08245,0.664142924,1200.4,1.4453,32.14
1.1733,1.0606,0.817261,88.48,1.0775,0.668404518,1210.3,1.4602,32.274
1.1953,1.0606,0.798818,88.51,1.0595,0.661594443,1230.1,1.4493,32.293
1.1837,1.0649,0.795988,87.89,1.0627,0.658392863,1231.2,1.4527,32.245
1.184,1.066,0.797417,87.9,1.06485,0.661857171,1221.2,1.452,32.22
1.1878,1.0498,0.792111,87.45,1.0592,0.657073395,1223.6,1.4401,32.18
1.1792,1.0527,0.791421,87.62,1.05215,0.657786548,1228.6,1.4221,32.19
1.1461,1.0446,0.787805,88.06,1.0498,0.659652363,1221.8,1.4094,32.1
1.1403,1.0328,0.791327,88.55,1.0577,0.661835269,1211.2,1.4056,32.055
1.1452,1.0379,0.794313,89.02,1.0611,0.663327916,1198.8,1.4054,32.086
1.1467,1.0284,0.78567,88.79,1.0547,0.659217509,1197.5,1.3902,32.166
1.1344,1.0306,0.784868,88.96,1.0528,0.655050439,1204.6,1.3808,32.11
1.136,1.0403,0.772857,88.22,1.04145,0.650469965,1199.2,1.3725,32.187
1.1419,1.0537,0.773216,87.45,1.0505,0.651699306,1204.7,1.4072,32.12
1.1511,1.0559,0.772768,87.45,1.05515,0.657375756,1201.1,1.4169,32.15
1.139,1.0526,0.776036,86.91,1.0526,0.656124926,1215.9,1.3945,32.15
1.1335,1.0427,0.783884,87.25,1.0506,0.657375756,1211.8,1.3945,32.145
1.1395,1.0376,0.775735,86.64,1.043,0.65535094,1203.6,1.3798,32.185
1.1212,1.0373,0.774773,87.15,1.0546,0.649203103,1206.9,1.3748,32.152
1.1168,1.0312,0.769556,87.7,1.0488,0.646266197,1197.2,1.3627,32.115
1.1088,1.0357,0.769527,86.92,1.0606,0.642900768,1194.4,1.364,32.027
1.1173,1.0357,0.769646,87.67,1.0568,0.640184373,1183.6,1.3865,32.03
1.1145,1.037,0.764556,87.3,1.04145,0.640553438,1186.5,1.3812,32.032
1.1128,1.029,0.766401,86.7,1.0417,0.63852883,1187.2,1.3774,31.961
1.1128,1.029,0.758611,86.67,1.0389,0.629089079,1185,1.3651,31.82
1.101,1.0225,0.755972,86.55,1.0399,0.626860994,1173.4,1.3631,31.77
1.0979,1.0185,0.759878,85.57,1.0529,0.62984191,1168.7,1.3604,31.8
1.0918,1.0158,0.758035,86.32,1.04595,0.63161219,1169.5,1.3691,31.85
1.0912,1.0273,0.752729,85.95,1.039,0.626017278,1168.2,1.3636,31.74
1.089,1.0266,0.755601,85.44,1.0486,0.626664578,1165.7,1.372,31.68
1.0966,1.0348,0.758841,85.94,1.0483,0.635344198,1159.1,1.3816,31.76
1.1051,1.0456,0.779241,85.35,1.0618,0.63848806,1167.2,1.4023,31.82
1.1119,1.0434,0.779788,85.18,1.0503,0.641745548,1177.3,1.4106,31.9
1.1079,1.0402,0.78416,86.14,1.05095,0.64162202,1193.6,1.4167,31.96
1.1203,1.0432,0.779636,85.83,1.03925,0.638019587,1186.7,1.4132,31.93
1.1093,1.0312,0.776338,85.19,1.0429,0.641827926,1193.2,1.4041,31.91
1.1095,1.0289,0.777786,85.5,1.04245,0.641272284,1178.7,1.4001,31.93
1.1137,1.0399,0.779971,85.61,1.032,0.639672488,1173.9,1.4142,31.91
1.1236,1.05,0.786906,85.4,1.0342,0.644828476,1173.3,1.4151,31.92
1.1227,1.0514,0.789984,85.49,1.0407,0.644932443,1179.9,1.4142,31.94
1.1244,1.0563,0.792079,85.1,1.0318,0.647123536,1181.8,1.4239,32
1.1316,1.0642,0.790015,84.35,1.0305,0.64823518,1189,1.4292,32.055
1.1259,1.0546,0.786164,84.67,1.0239,0.641807329,1195.4,1.4221,32.01
1.1269,1.0546,0.783392,84.36,1.02805,0.646266197,1194.4,1.4069,32.01
1.1269,1.0562,0.78964,85.74,1.02615,0.646203554,1195.2,1.4138,32.02
1.1213,1.0639,0.78824,84.56,1.0145,0.65066042,1189.1,1.4302,32.102
1.1111,1.0497,0.780519,84.27,1.0155,0.646809612,1196.8,1.4037,32.03
1.1027,1.052,0.779667,84.42,1.0133,0.649308486,1190.6,1.3992,32
1.1012,1.0411,0.775435,84.34,1.0168,0.647710344,1181,1.3867,32.018
1.0905,1.0411,0.77679,84.38,1.0123,0.648866106,1177.8,1.3827,31.88
1.0946,1.0427,0.788458,84.23,1.011,0.653381248,1171.2,1.3912,31.97
1.0943,1.0359,0.785978,83.84,1.0111,0.645807097,1176.4,1.3816,31.975
1.0943,1.0328,0.787743,83.9,1.01495,0.646224434,1176.2,1.3801,31.9
1.0828,1.0358,0.788644,84.13,1.01955,0.650047128,1169.1,1.3726,31.86
1.0755,1.0279,0.776398,84.18,1.008,0.647941167,1166.4,1.3626,31.75
1.0717,1.0222,0.769468,83.42,0.9963,0.645223731,1161.4,1.362,31.73
1.0663,1.0282,0.768935,85.02,1.0039,0.639570209,1160.8,1.3725,31.798
1.0707,1.0274,0.76476,85.62,1.0158,0.639447517,1160.8,1.3808,31.73
1.0584,1.0331,0.766401,85.85,1.01,0.639611116,1163.2,1.3775,31.69
1.0589,1.0281,0.765375,85.85,1.0052,0.642033964,1163.1,1.3691,31.66
1.0575,1.0315,0.754604,85.71,0.99695,0.643417836,1163.1,1.3653,31.67
1.0461,1.0327,0.746269,84.85,0.9867,0.638426916,1163.1,1.3537,31.67
1.0451,1.031,0.751231,84.85,0.9856,0.636213259,1163.1,1.3723,31.54
1.0522,1.0263,0.741235,84.5,0.9831,0.632351081,1162.1,1.3624,31.62
1.0437,1.026,0.743135,84.28,0.9855,0.631512472,1156.4,1.3618,31.38
1.0429,1.0306,0.736296,84.35,0.9765,0.632711167,1148.8,1.3524,31.42
1.0336,1.03,0.73373,83.94,0.97675,0.632971485,1148.5,1.3562,31.272
1.0344,1.0298,0.733515,83.82,0.9823,0.634598299,1142,1.3617,31.249
1.0355,1.0215,0.725058,83.56,0.9737,0.632491066,1141.3,1.3431,31.09
1.0355,1.0234,0.730888,83.43,0.97165,0.631313131,1134.4,1.3513,30.98
1.0432,1.0168,0.722883,83.54,0.9665,0.628061801,1124.1,1.3353,31.2
1.0432,1.0073,0.717541,83.18,0.96115,0.629326621,1130.7,1.3291,30.84
1.0298,1.0166,0.718056,82.96,0.966,0.627293542,1120.1,1.3326,30.7
1.0168,1.0136,0.717206,82.49,0.9626,0.627667587,1117.4,1.3229,30.92
1.0168,1.0136,0.720747,82.49,0.9651,0.628713338,1119.7,1.3305,30.8
1.0219,1.011,0.718107,82.27,0.9569,0.633492762,1115.4,1.3234,30.95
1.0135,1.003,0.716179,81.83,0.9584,0.631412786,1127,1.3144,30.83
1.0135,1.0036,0.710177,81.6,0.9532,0.624434107,1119.5,1.3173,30.68
1.005,1.0108,0.715359,81.57,0.9591,0.6245121,1112.8,1.3232,30.793
1.0087,1.0149,0.716974,81.29,0.95885,0.628950596,1114.7,1.3217,30.807
1.0148,1.0298,0.723851,81.25,0.9713,0.635909828,1117.2,1.3439,30.83
1.0249,1.0245,0.715973,81.42,0.96185,0.630715863,1123.6,1.3249,30.885
1.0181,1.0233,0.718365,81.14,0.9678,0.634236063,1131.3,1.3407,30.885
1.0168,1.0263,0.716743,81.25,0.977,0.638182456,1126.2,1.3393,30.82
1.0066,1.0198,0.716025,81.19,0.9711,0.636010939,1129.5,1.3298,30.73
1.0092,1.0223,0.721475,80.72,0.9845,0.630238861,1117.2,1.3349,30.68
1.0092,1.032,0.726243,81.38,0.9905,0.633653328,1117.7,1.3412,30.75
1.0251,1.0202,0.717772,81.69,0.98315,0.627352572,1126,1.3267,30.7
1.0245,1.0188,0.716846,80.89,0.9822,0.625469102,1126.6,1.3047,30.782
1.0245,1.0136,0.719891,80.59,0.992,0.623227696,1124.2,1.3025,30.47
1.0026,1.0099,0.712276,80.65,0.9784,0.624629126,1117.4,1.2958,30.48
1.0027,1.0092,0.706964,80.65,0.97035,0.621948565,1114.9,1.2837,30.41
1.0027,1.0024,0.704201,81.16,0.9592,0.614194024,1110.3,1.2585,30.24
0.9849,1.0015,0.712555,81,0.9616,0.616960237,1107,1.2547,30.555
0.987,1.0022,0.718313,81.25,0.9661,0.619540301,1106.1,1.2693,30.2
0.9886,1.0013,0.725769,81.21,0.96775,0.62053987,1113.1,1.2864,30.15
0.9962,1.0017,0.725453,81.78,0.9712,0.623986023,1115.8,1.2754,30.2
0.9955,1.0017,0.732172,82.2,0.97545,0.619099211,1114.3,1.2807,30.04
1.0065,1.008,0.730274,82.42,0.9808,0.619137541,1107.5,1.291,30.21
1.0065,1.0065,0.736079,82.52,0.98485,0.622335626,1119.5,1.2928,30.48
1.0138,1.0231,0.741125,83.18,0.9961,0.628496009,1129.2,1.3019,30.258
1.0243,1.0207,0.7397,83.4,0.99265,0.628120976,1129.2,1.3001,30.45
1.0158,1.0174,0.732843,83.26,0.9957,0.625332208,1138.5,1.2843,30.394
1.0145,1.0208,0.730647,83.65,0.99115,0.626880642,1138.9,1.2842,30.334
1.007,1.0187,0.733918,83.58,0.98985,0.627214852,1131.7,1.2923,30.27
1.0148,1.0245,0.747803,83.58,0.9972,0.629960942,1126.5,1.3178,30.42
1.0216,1.0108,0.750075,83.37,0.99635,0.633673405,1134.2,1.3137,30.424
1.022,1.0083,0.748307,83.42,1.0006,0.634497636,1148.9,1.3158,30.53
1.0272,1.0191,0.755116,83.77,1.00285,0.640532923,1144.4,1.3328,30.45
1.038,1.0227,0.762166,84.14,0.9997,0.643894273,1147.6,1.3389,30.45
1.0397,1.0264,0.770416,84.27,1.0043,0.642116416,1157.3,1.3462,30.85
1.0448,1.016,0.760862,83.7,1.00235,0.642240134,1154.5,1.3343,30.45
1.0375,1.0046,0.75603,84.15,0.9925,0.642962772,1154.2,1.324,30.3867
1.0248,1.006,0.745462,83.77,0.97525,0.636172785,1149.3,1.3057,30.5
1.0248,1.0058,0.751569,82.89,0.9818,0.637531478,1143.5,1.3132,30.14
1.0097,1.0093,0.75392,82.59,0.98805,0.63225113,1133.6,1.3191,30.12
1.0208,1.0099,0.754205,83.62,0.98665,0.633974704,1134.2,1.3399,30.18
1.0133,1.0098,0.755031,83.97,0.9833,0.635828962,1140.7,1.3343,30.1
1.0149,1.0093,0.75563,83.82,0.98025,0.63319192,1138.4,1.3365,30.06
1.016,1.0046,0.74677,83.94,0.9681,0.630576662,1141.6,1.3243,30.05
1.005,1.0041,0.747133,83.56,0.9596,0.633492762,1143.5,1.329,29.9
1.005,1.0035,0.756831,83.85,0.9679,0.640163882,1141.4,1.354,30.1
1.005,1.0056,0.755373,84.24,0.96455,0.641354541,1151.2,1.3537,29.88
1.0092,1.0124,0.758582,84.06,0.97005,0.646454199,1156.5,1.3571,29.84
1.0121,1.0178,0.762137,84.08,0.9655,0.645223731,1150.8,1.3472,29.88
1.0036,1.0175,0.763592,83.73,0.959,0.646140923,1164.9,1.3451,29.87
1.0036,1.0148,0.763359,83.82,0.9522,0.649498263,1153.3,1.3477,29.87
0.9987,1.0095,0.762195,83.82,0.9588,0.64913989,1155.5,1.3382,29.9
0.9961,1.0064,0.762312,83.19,0.9629,0.647332988,1151.5,1.335,29.92
0.9961,1.0064,0.75985,82.96,0.9598,0.649941505,1152,1.333,29.51
0.9961,1.0064,0.762195,82.73,0.95215,0.650258478,1150.6,1.3223,29.49
0.9895,1.0003,0.756201,82.31,0.94615,0.648319232,1147.5,1.3031,29.38
0.9833,1.0009,0.752842,81.49,0.93555,0.649730362,1146.1,1.2968,29.12
0.984,0.9946,0.747412,81.49,0.934,0.638712356,1138.9,1.2828,30.368
