,PCECTPI,OILPRICEx,FEDFUNDS ,GS10,GS10TB3Mx,AAAFFM,M2REAL,TOTALSLx ,UMCSENTx ,CUMFNS ,GDPC1,PCECC96 ,INDPRO,UNRATE ,PAYEMS ,HOUST
3/1/1960,0.518638646,-1.263252004,3.9333,4.4867,0.61,0.62,1.644022213,8.480716989,100,84.4715,8.8948734,3.808414888,23.4190072,5.1333,5.117098948,-28.4345171
6/1/1960,2.067855978,-1.513477188,3.6967,4.26,1.27,0.7567,0.891485128,9.689615871,93.3,81.318,-2.159246584,5.014097303,-8.775010579,5.2333,0.966724468,-26.91711092
9/1/1960,1.518223702,-1.56437548,2.9367,3.8333,1.47,1.3767,6.842669612,5.291489605,97.2,78.8989,1.954939929,-1.602116956,-6.632263806,5.5333,-2.036513295,-18.16294793
12/1/1960,1.74269881,-1.309414733,2.2967,3.8867,1.58,2.0233,3.23109748,4.232580358,90.1,75.8523,-5.16573753,0.517706737,-9.759774046,6.2667,-2.365631415,-9.231617731
3/1/1961,0.740906545,-0.682247696,2.0033,3.7867,1.44,2.2667,6.045455124,3.55031605,91.6,73.8284,2.690999685,-0.14857063,-6.102255216,6.8,-2.344899015,18.25494369
6/1/1961,-0.025525669,-1.309457664,1.7333,3.79,1.49,2.55,7.439814453,-3.183696594,92.5,76.3543,6.734408913,5.908876974,15.55122286,7,1.218783091,5.869140911
9/1/1961,1.426934881,-1.735945041,1.6833,3.98,1.68,2.7533,5.127948613,1.150846315,99.2,78.4144,7.608637951,1.940280525,12.56255674,6.7667,3.501575417,30.58034605
12/1/1961,0.432171385,-0.957008661,2.4,3.9733,1.51,2.01,6.408855453,6.142102033,93,80.6409,7.770707415,7.966026573,13.78673851,6.2,3.247046902,8.640044686
3/1/1962,1.724031318,-1.475963988,2.4567,4.0167,1.29,1.9533,6.626481244,4.729751979,99.9,81.1862,7.071770338,4.214751384,5.930793568,5.6333,2.957311112,-8.05166509
6/1/1962,1.41423217,-1.538602725,2.6067,3.8733,1.16,1.69,6.8781667,10.10286089,95.4,81.3356,3.602744037,4.88752426,3.857430454,5.5333,3.660162793,31.00572383
9/1/1962,1.082544639,-1.312812655,2.8467,3.99,1.15,1.49,5.02483263,7.678932505,91.6,81.5601,4.888275567,3.210754419,4.243200692,5.5667,1.645757922,-11.0326463
12/1/1962,1.204971415,-0.74864413,2.9233,3.9033,1.09,1.3333,6.970925338,8.81771343,95,81.6345,1.315442129,5.62010834,3.363381301,5.5333,1.341727568,38.03085202
3/1/1963,1.151368044,-1.321824855,2.9667,3.8933,0.99,1.23,7.547897353,9.01352686,98.4,82.3156,4.344680729,2.792176405,7.32552825,5.7667,1.282699516,-43.37990546
6/1/1963,0.62435626,-1.510936632,2.9633,3.9633,1.02,1.2567,7.863236383,9.681461006,91.7,83.7831,4.464648016,3.75688874,10.4121855,5.7333,2.812252633,59.90190975
9/1/1963,1.941751386,-1.539012471,3.33,4.0333,0.74,0.9567,5.613448041,10.33932737,96.4,83.5563,8.700021311,5.389830516,2.660391717,5.5,2.17710299,7.892351948
12/1/1963,1.462524481,-1.9242707,3.4533,4.12,0.62,0.88,6.587551342,10.29616546,94.4,84.2037,2.615052202,3.319388502,6.705559504,5.5667,2.607682728,-10.01262603
3/1/1964,1.90071017,-1.68995478,3.4633,4.18,0.65,0.9133,4.98977738,11.69545452,99.5,84.4956,8.34715167,7.774468025,5.438288857,5.4667,2.870436969,3.905645271
6/1/1964,0.860982467,-1.185647766,3.49,4.2,0.72,0.9167,6.135574281,10.77573111,98.5,85.5447,4.332722949,7.013697288,9.28058598,5.2,2.517231187,-40.4384638
9/1/1964,1.300255676,-7.90083159,3.4567,4.1933,0.7,0.9533,8.040421106,10.31790229,100.6,86.057,6.202074999,7.321462408,6.358615933,5,3.893063707,10.69560572
12/1/1964,1.320456022,-1.020927242,3.5767,4.1733,0.49,0.8533,6.248972897,8.879038383,99.9,86.492,1.234856296,1.140039705,6.01442985,4.9667,3.391404659,-8.106012991
3/1/1965,1.29177823,-1.506113116,3.9767,4.2033,0.31,0.4467,6.696057036,12.06895214,102,88.866,9.564369183,8.822399822,14.83018042,4.9,4.378758866,-25.44767011
6/1/1965,2.038839366,-1.239258483,4.08,4.2067,0.33,0.3667,4.050862968,11.44174951,105.4,89.3981,5.022222548,4.387339362,9.168349822,4.6667,4.55627458,17.35568815
9/1/1965,1.474099237,-1.238438016,4.0767,4.2467,0.38,0.4233,6.548336694,9.390492994,103.4,89.9023,8.795234069,6.814618018,8.291148326,4.3667,4.914570302,3.526642037
12/1/1965,1.228287686,-1.326646727,4.1667,4.4733,0.31,0.4467,6.554290899,7.22944607,102.9,89.9839,9.111050461,11.09001332,8.010909696,4.1,5.093652732,11.09826812
3/1/1966,3.090113281,-1.997079021,4.56,4.77,0.16,0.2567,3.900044714,7.765376687,100,91.1195,9.618758001,5.861846874,11.2962858,3.8667,5.29704415,-39.15868285
6/1/1966,3.232148773,-3.242331005,4.9133,4.78,0.19,0.09,1.18464183,3.069079045,95.7,91.5667,1.363555117,1.0236102,8.267374572,3.8333,5.77822796,-33.31487659
9/1/1966,3.041839754,-1.017600511,5.41,5.14,0.1,-0.09,-1.092692776,1.282912258,91.2,91.2437,3.373068235,4.54182923,6.141312277,3.7667,4.556197018,-63.57156943
12/1/1966,3.088818438,1.081708212,5.5633,5.0033,-0.21,-0.18,0.744083717,0.334346617,88.3,90.5906,3.268225654,1.662948462,3.803831608,3.7,3.337788096,-60.59537882
3/1/1967,1.140563489,0.484037501,4.8233,4.5833,0.07,0.2967,5.405681507,1.880599833,94.1,88.5845,3.52757272,2.298248932,-2.210197126,3.8333,2.64461726,59.97969762
6/1/1967,1.901452856,-1.330135902,3.99,4.82,1.16,1.2733,7.054254914,0.552074398,95.9,86.7784,0.245330628,5.431632417,-1.632836152,3.8333,0.956252153,46.15360859
9/1/1967,3.707248135,2.551857916,3.8933,5.2467,0.95,1.7233,6.722105827,1.727513351,97,85.9545,3.766515019,2.042871559,2.741751614,3.8,2.752199926,56.14817303
12/1/1967,3.423310676,-0.953855072,4.1733,5.6433,0.89,1.8533,4.021271486,1.846744416,92.9,87.3031,3.004104191,2.440225449,10.56319533,3.9,3.2822406,13.6019859
3/1/1968,4.227102717,-4.532774933,4.79,5.61,0.56,1.34,2.873581714,1.457579037,97.2,87.3265,8.075025353,9.473045304,5.66898424,3.7333,2.963553051,2.665738925
6/1/1968,4.071623523,-4.625945354,5.9833,5.7433,0.22,0.2733,2.65666962,4.730990145,92.4,87.2787,6.626302827,6.045040552,5.356554867,3.5667,3.558638104,0.091624872
9/1/1968,4.118725495,-4.447090861,5.9467,5.46,0.26,0.1333,2.3165844,4.72758775,92.4,86.6725,3.086138255,7.427327474,3.092206967,3.5333,3.581911584,17.56160182
12/1/1968,4.403714203,-4.628519681,5.9167,5.77,0.18,0.3267,4.24052285,7.123015994,91.7,87.0994,1.568019022,1.800175684,6.028777523,3.4,3.909784391,15.81300662
3/1/1969,3.859736133,3.363896434,6.5667,6.1767,0.08,0.1333,1.919586256,6.158710293,98.2,87.6718,6.209278408,4.410882195,7.706472967,3.4,4.019303427,23.56027512
6/1/1969,5.060644321,22.44298612,8.3267,6.3533,0.16,-1.44,-2.760727155,5.566040253,91.5,86.9244,1.211579026,2.572125405,1.741832088,3.4333,3.795504853,-33.11092292
9/1/1969,4.871135541,-4.588397034,8.9833,6.8567,-0.17,-1.92,-2.924117731,2.387564172,86.4,86.8435,2.631136814,1.94539646,4.773299303,3.5667,3.049436064,-36.29009499
12/1/1969,4.583677816,-4.670197485,8.94,7.2967,-0.06,-1.4733,-2.655215968,1.501723492,79.7,85.1779,-1.957618735,3.184326362,-2.516490308,3.5667,1.496367238,-28.99678999
3/1/1970,4.614043143,-4.330652056,8.5733,7.3667,0.16,-0.68,-4.870932778,0.413365615,78.1,81.8434,-0.59601067,2.474106225,-9.810180714,4.1667,0.905986068,-23.86268601
6/1/1970,4.398683817,-4.502108351,7.8867,7.7133,1.04,0.26,-2.87987712,-2.612701162,75.4,80.4468,0.566472357,1.807993467,-2.205792605,4.7667,-0.806676594,24.06584498
9/1/1970,3.887653989,-9.228850196,6.7067,7.46,1.13,1.5167,4.811298625,0.514654263,77.6,79.1394,3.668991104,3.491550375,-1.43435069,5.1667,-1.063703184,48.79087589
12/1/1970,5.145344853,4.318530476,5.5667,6.8533,1.5,2.34,4.847611509,-2.942689827,72.4,76.4026,-4.309423465,-1.087443191,-8.743040843,5.8333,-2.283266062,56.10015395
3/1/1971,3.781551168,14.19021748,3.8567,6.0167,2.18,3.36,9.273440407,6.343654674,78.1,77.5471,10.71966607,7.605372957,7.639059278,5.9333,1.527388751,27.10725029
6/1/1971,4.526242912,-4.534895116,4.5667,6.2467,2,2.91,11.49915215,4.034455892,80.2,77.6782,2.157438105,3.659424419,3.606760484,5.9,1.8870218,40.38088087
9/1/1971,3.916467719,-3.756054906,5.4767,6.4833,1.47,2.0833,7.797814205,6.108900402,82.1,77.43,3.276332647,3.176553853,1.231295404,6.0333,1.430446154,14.32544586
12/1/1971,2.462019698,-2.278001959,4.75,5.89,1.66,2.55,7.74181537,9.404149221,82,79.1632,0.938357061,6.582540475,9.165874567,5.9333,2.411730963,20.0554208
3/1/1972,4.19650964,-3.81834625,3.5467,6.0333,2.6,3.6933,8.621462526,6.016570456,92.8,81.7968,7.282172009,5.244698532,16.70915282,5.7667,4.492346154,35.50038124
6/1/1972,2.308317271,-2.69494483,4.3,6.1433,2.37,2.9767,7.322546806,10.77014648,88.6,82.8457,8.975688804,7.543047732,7.512059079,5.7,4.299095536,-28.35788222
9/1/1972,3.493800094,-2.9955599,4.7433,6.29,2.07,2.4667,10.04451078,9.01071196,95.2,83.357,3.758643829,6.117485409,5.01644132,5.5667,3.118638722,22.60881797
12/1/1972,3.240995612,-2.504748449,5.1467,6.3733,1.51,1.9933,8.960227963,10.4896426,90.7,85.7106,6.642286891,9.278135365,13.61839272,5.3667,5.012715965,8.730444511
3/1/1973,4.812781352,-2.77624657,6.5367,6.6033,0.9,0.6833,3.166159288,14.92464618,81.9,87.6608,9.779244714,7.23715532,11.29892697,4.9333,5.300079748,-7.607647985
6/1/1973,7.60717356,-5.41069081,7.8167,6.8067,0.2,-0.51,-1.781866093,9.470707153,77,87.6064,4.331437172,-0.180318561,3.377137065,4.9333,3.625230567,-42.42460726
9/1/1973,7.217999772,47.1725391,10.56,7.2067,-1.12,-2.9733,-2.202936869,7.738390577,72,87.3586,-2.108902897,1.4053674,3.378977655,4.8,2.37045712,-23.68923196
12/1/1973,8.095212584,18.48924404,9.9967,6.7533,-0.75,-2.3467,-4.903990391,5.112001984,76.5,88.1145,3.779015812,-1.19479207,5.975200252,4.7667,3.787387446,-81.99895024
3/1/1974,11.7344477,334.2326183,9.3233,7.0533,-0.56,-1.4267,-4.395569,0.409541526,61.8,86.5474,-3.453688192,-3.594838021,-3.63233269,5.1333,1.865840788,-13.96114055
6/1/1974,11.17122533,-9.80558911,11.25,7.5433,-0.61,-2.8867,-5.77409901,-2.820816163,72.1,85.6714,0.949659833,1.437708867,0.275507868,5.2,1.505792052,-18.23188338
9/1/1974,10.64493108,-11.27493383,12.09,7.9633,-0.23,-3.1033,-6.835979872,-4.604297914,64.4,84.7054,-3.799093949,1.714581039,-1.455382095,5.6333,0.560034033,-92.43762941
12/1/1974,10.04315767,29.85935327,9.3467,7.67,0.31,-0.33,-6.029178789,-9.333048695,59.5,80.4362,-1.556648105,-5.890012087,-16.28688855,6.6,-2.241445624,-64.46014236
3/1/1975,7.45788225,-7.742011619,6.3033,7.54,1.79,2.4033,-0.925661904,-7.762487354,57.6,73.4412,-4.90043292,3.341010622,-27.55858365,8.2667,-6.339543707,-18.93689613
6/1/1975,4.875708625,-6.054939397,5.42,8.05,2.66,3.4533,9.595602025,-8.838685102,72.8,71.8704,2.848637218,6.52584756,-5.238194302,8.8667,-2.178677334,37.01761857
9/1/1975,7.425568295,-5.95571762,6.16,8.2967,1.97,2.7533,6.379491412,-4.828106102,75.7,73.8103,6.790217143,5.645080437,9.779772733,8.4667,2.68429399,61.82030394
12/1/1975,6.651437003,-6.458959736,5.4133,8.0633,2.44,3.3967,2.245589034,0.664765708,75.6,75.3162,5.352401074,4.278324624,8.620599564,8.3,3.602145824,28.30763829
3/1/1976,4.378419166,14.98150865,4.8267,7.7533,2.84,3.73,7.955486921,3.517932613,84.6,77.359,8.898160921,7.918559875,11.98843828,7.7333,5.323656453,28.84735673
6/1/1976,3.334604904,8.864740692,5.1967,7.7733,2.62,3.3367,8.271424805,4.51841701,83.3,78.1452,2.922791705,3.663390905,5.159784048,7.5667,2.720382027,2.121051631
9/1/1976,6.025786715,12.2010386,5.2833,7.73,2.58,3.18,4.159399945,3.330845604,89.7,78.7681,2.183659019,4.189467063,5.327610577,7.7333,1.9500248,28.57088996
12/1/1976,6.26819248,28.53734794,4.8733,7.19,2.52,3.31,8.450042368,5.240353076,87,79.3828,2.880021203,5.156604039,7.189695173,7.7667,2.42797949,33.10250398
3/1/1977,7.16371639,-6.67480788,4.66,7.3533,2.72,3.3733,6.101727338,3.477429987,87.1,80.697,4.717010209,4.687157052,7.979411707,7.5,4.085482392,34.64028175
6/1/1977,6.784158313,-6.065407777,5.1567,7.37,2.53,2.8567,3.711201916,11.26930438,90.2,82.8391,7.693235161,2.163143674,12.39546876,7.1333,5.288476518,15.80506422
9/1/1977,5.974709104,11.18139903,5.82,7.3567,1.86,2.1267,3.611255118,8.83429146,89,83.1162,7.148403098,3.764362247,4.40063724,6.9,5.062347734,18.40262724
12/1/1977,5.640516496,2.893235271,6.5133,7.5967,1.49,1.59,2.343699044,9.777416439,84.4,83.1538,0.007971039,5.969398789,2.543409601,6.6667,4.690144442,12.99387258
3/1/1978,6.507135947,-6.194051907,6.7567,8.01,1.62,1.6933,0.582157828,6.013202291,82.3,82.5329,1.277326931,2.240900659,-1.158538973,6.3333,4.129445308,-50.4680735
6/1/1978,8.131593163,-6.838344805,7.2833,8.32,1.84,1.3867,-1.591474949,12.56447011,81.5,84.6256,15.16784177,8.461387432,15.81830785,6,7.180594479,57.85212157
9/1/1978,6.963593146,-6.805131628,8.1,8.49,1.18,0.6533,-1.828506036,11.52972708,80.4,84.7345,4.002899039,1.676119749,3.455088447,6.0333,4.118604392,-18.32579201
12/1/1978,7.483904783,-7.118901136,9.5833,8.82,0.25,-0.5567,-1.777282972,6.258875782,73.5,85.6681,5.340688777,3.214799529,6.957855293,5.9,4.111344798,4.00760189
3/1/1979,7.464797205,12.10267331,10.0733,9.1067,-0.28,-0.78,-4.12670512,8.851657461,71.5,85.2633,0.717730948,2.066265567,1.904536743,5.8667,3.492395918,-81.02437938
6/1/1979,10.78685573,43.44746987,10.18,9.1133,-0.26,-0.79,-3.136698243,5.36799724,66.6,84.2317,0.426753424,-0.259751093,-0.906971959,5.7,2.939698841,41.04604141
9/1/1979,9.80736861,140.3553601,10.9467,9.1033,-0.57,-1.6567,-3.338226891,5.981502969,63.9,83.3749,2.960237918,3.873543883,-1.186342424,5.8667,2.266009712,-12.24997895
12/1/1979,9.561677359,66.53854074,13.5767,10.4467,-1.4,-3.0333,-6.546896278,3.876058819,62.1,82.7773,0.998932307,0.994090413,1.525536819,5.9667,1.300478504,-53.05091372
3/1/1980,11.82852825,50.36188184,15.0467,11.9867,-1.37,-2.9033,-8.522560455,-2.645382346,63.5,82.4106,1.256309656,-0.572197673,1.626145682,6.3,1.397495558,-91.85996608
6/1/1980,9.673010144,30.3065176,12.6867,10.4767,0.86,-1.4833,-7.389744116,-12.62044697,54.4,77.7845,-8.327831933,-9.111293413,-17.37924286,7.3333,-1.921896181,-65.42323477
9/1/1980,9.25158165,-25.94490923,9.8367,10.9533,1.8,1.74,4.463007024,-10.29351114,67.8,75.7168,-0.475701752,4.36378735,-6.604380271,7.6667,-1.799375912,109.7444914
12/1/1980,9.776903871,-25.9427023,15.8533,12.4233,-1.19,-3.0233,-2.633161221,-6.296791101,72.1,78.5831,7.390987394,5.368238077,15.17958803,7.4,2.991539429,31.22053452
3/1/1981,10.24015199,9.185041082,16.57,12.96,-1.43,-3.4067,-4.145264045,-3.72587443,68.3,78.1394,7.761890672,1.33770287,0.978416112,7.4333,1.712838475,-38.6648679
6/1/1981,6.652282433,-14.52947359,17.78,13.75,-1.16,-3.7967,2.430492941,-0.706728659,73.9,78.1261,-2.97534126,0.029055678,1.323306409,7.4,1.05367618,-58.08193157
9/1/1981,6.543457645,-21.88436137,17.5767,14.8467,-0.21,-2.6567,-3.974322745,-1.319415192,74.8,77.4619,4.761555003,1.846012892,3.759147627,7.4,0.836869483,-81.43595356
12/1/1981,6.079073837,-14.53730765,13.5867,14.0867,2.34,1.03,3.751348928,-1.953921385,65.7,74.8738,-4.382305248,-2.745434414,-9.105844284,8.2333,-1.747164278,-39.50960988
3/1/1982,5.05235191,-54.24330888,14.2267,14.2933,1.48,0.7833,5.409316339,-0.493700517,66.5,72.5692,-6.263360731,2.935602729,-8.264292618,8.8333,-2.765475008,3.041855021
6/1/1982,3.828906483,37.13476179,14.5133,13.93,1.51,-0.0033,2.730323598,-0.923515682,66.2,71.7596,1.820559177,1.216612676,-4.948213968,9.4333,-2.126706185,29.77303791
9/1/1982,6.26569987,-9.081780529,11.0067,13.1167,3.8,2.7467,-0.359677379,-3.354982598,66.7,70.7371,-1.531997371,2.672467207,-5.703966606,9.9,-3.054703811,66.21532258
12/1/1982,4.392353184,-13.99222077,9.2867,10.6667,2.76,2.59,7.659227723,-1.411306522,72.5,68.9799,0.160003146,6.946048527,-7.544816684,10.6667,-2.399119984,54.72149616
3/1/1983,3.293350045,-58.18911325,8.6533,10.5633,2.46,3.19,21.19093829,0.997497394,75.3,70.3158,5.23673235,3.935397789,4.48337577,10.3667,0.799309082,95.93728093
6/1/1983,3.637333455,8.65494391,8.8033,10.5433,2.15,2.7667,5.573799139,4.817970843,91.5,72.2438,9.000065818,8.063232484,8.872096729,10.1333,3.032703092,7.293557161
9/1/1983,5.224578055,7.172758646,9.46,11.6267,2.49,2.8833,2.388175925,6.4259457,91.2,74.7179,7.916951323,7.109261667,13.42889641,9.3667,4.118059752,32.67752623
12/1/1983,2.629189119,-25.74499866,9.43,11.6867,2.89,2.98,3.223943655,12.46377276,91.5,76.7846,8.25887931,6.324105448,10.33071942,8.5333,5.570766684,-16.39048897
3/1/1984,4.304913961,0.868899728,9.6867,11.9433,2.77,2.5967,2.900407014,14.03482345,99.5,78.8051,7.74371884,3.305866306,11.61414682,7.8667,5.239368022,45.98080583
6/1/1984,3.853425971,-2.390084858,10.5567,13.2,3.4,2.6567,4.77522326,14.18998165,96.6,79.5406,6.85202204,5.564993474,6.164070336,7.4333,4.430023986,-24.95492984
9/1/1984,3.077604679,-20.75657163,11.39,12.8667,2.55,1.6,1.780793859,14.00431877,98.9,79.617,3.837572472,2.955509332,2.729550788,7.4333,3.941293556,-34.51205353
12/1/1984,2.45821816,-26.46690749,9.2667,11.7433,2.94,3.0833,5.338379282,11.0626198,95,79.4522,3.269691688,5.148093835,0.195358406,7.3,3.565149464,-10.09441689
3/1/1985,4.693993568,-11.11477759,8.4767,11.5833,3.4,3.78,8.195847961,11.46803935,94.5,78.8097,3.857258926,6.738673171,1.342890709,7.2333,2.769500132,20.09591449
6/1/1985,3.224494539,8.386542417,7.9233,10.8133,3.35,3.7067,3.396875654,13.27191369,94.3,78.3014,3.50648003,3.655528067,0.282371198,7.3,2.877957958,2.635683955
9/1/1985,3.127197277,-5.078745432,7.9,10.3367,3.23,3.13,5.926034314,9.296075231,92.8,77.7917,6.06290415,7.526712744,-0.57080037,7.2,2.35623589,-5.758862062
12/1/1985,2.779521207,16.87065175,8.1033,9.76,2.59,2.4733,1.797755835,10.70025218,91.1,77.7978,2.962796731,0.865435154,2.256485146,7.0333,2.380369039,28.07241072
3/1/1986,2.82303231,-220.3462179,7.8267,8.5567,1.66,1.7467,3.815386617,6.174176082,95.5,78.3806,3.717660621,3.481679435,2.398759895,7.0333,1.66002854,15.90182511
6/1/1986,-0.423363426,-82.9573294,6.92,7.6033,1.46,2.0833,12.37692998,7.149506421,96.8,78.136,1.797142218,4.334714285,-2.37327377,7.1667,1.361532667,-4.377808885
9/1/1986,2.112350395,-4.538539761,6.2067,7.3067,1.78,2.6233,7.417735731,6.650740333,94.8,78.2937,3.808483781,7.011829145,1.604536706,6.9667,1.972782602,-26.26056626
12/1/1986,2.411614135,38.39647366,6.2667,7.2633,1.91,2.41,5.97283881,5.462199985,92,78.8303,2.139837667,2.44139584,4.518713873,6.8333,2.590965182,-10.67960872
3/1/1987,3.767131304,65.51984932,6.22,7.1933,1.66,2.1467,1.483445409,-3.606351198,90.5,79.4248,2.956427197,0.378038401,5.222034183,6.6,2.415780501,11.28565429
6/1/1987,3.846146718,20.26548798,6.65,8.3433,2.69,2.5167,-1.118872095,0.354083732,91.8,80.2177,4.289627008,5.417477847,7.098754441,6.2667,3.113747332,-35.43817399
9/1/1987,3.771826558,17.05796785,6.8433,8.8767,2.83,2.9133,-1.7551962,4.109278083,93.9,81.167,3.453758533,4.536798559,7.46665477,6,2.856777121,3.212868679
12/1/1987,3.437749857,-39.21169798,6.9167,9.1233,3.26,3.2967,0.725902984,3.059208384,86.4,82.9159,6.809534933,0.844904123,9.423721595,5.8333,3.701492717,-25.75523329
3/1/1988,3.149007079,-48.11557582,6.6633,8.4167,2.69,2.8933,3.842217688,3.332836809,92.3,83.2162,2.062205152,7.005872445,3.639631125,5.7,2.935960514,-26.68562058
6/1/1988,4.395243426,8.542338708,7.1567,8.91,2.7,2.6533,3.104242182,2.71952425,93.6,83.9702,5.22189507,2.943300432,3.479795475,5.4667,3.268987971,17.92711538
9/1/1988,4.898466684,-56.87986134,7.9833,9.1,2.09,1.98,-1.164635435,1.293654129,96,84.0047,2.337038082,3.539157186,1.466092569,5.4667,2.805199893,-1.79292992
12/1/1988,4.022380264,-17.49622065,8.47,8.9567,1.23,1.04,-0.866262117,0.538928692,93,84.7195,5.29462775,4.522448612,2.843613872,5.3333,3.207411397,17.74944399
3/1/1989,4.571315319,86.42594322,9.4433,9.2067,0.67,0.2433,-2.284964217,9.006458837,95.9,84.8276,4.04505757,1.851131937,1.876836288,5.2,3.01309836,-16.31447383
6/1/1989,5.35313501,36.50423005,9.7267,8.7733,0.36,-0.24,-3.668008427,4.307171411,90.9,83.7269,3.04081112,1.862487102,-1.5252289,5.2333,1.885008164,-37.61408292
9/1/1989,2.350957699,-25.32567658,9.0833,8.1067,0.26,-0.1167,4.495992395,2.159345035,92.5,82.4329,2.952022607,3.853659497,-2.484699817,5.2333,1.020533187,-2.862452649
12/1/1989,3.131673801,18.16598715,8.6133,7.9067,0.25,0.2767,3.707531033,2.045855123,91.8,81.8176,0.787149208,1.734677309,1.548338706,5.3667,1.851769771,-2.583869886
3/1/1990,5.755593573,21.94634891,8.25,8.4233,0.66,0.9433,-1.061933302,-0.412362652,91.3,82.0478,4.347812985,3.352326678,2.916545596,5.3,2.699540763,25.58480298
6/1/1990,3.616318269,-81.95743066,8.2433,8.6767,0.93,1.1533,-0.601934925,-3.42184233,90.9,81.9741,1.449251535,1.216669154,2.807826239,5.3333,1.313821845,-64.83708565
9/1/1990,5.051147343,152.6499591,8.16,8.7033,1.23,1.2433,-2.498030047,0.07082322,79.1,81.6591,0.266238094,1.58154344,1.624330781,5.7,-0.49582565,-27.42434802
12/1/1990,5.257621015,70.58906481,7.7433,8.3967,1.41,1.55,-3.762896636,-1.951404661,65.1,79.8699,-3.658296259,-3.054633511,-6.193633204,6.1333,-1.433813242,-32.88176552
3/1/1991,2.096921679,-155.5459942,6.4267,8.0167,1.99,2.5067,1.907625894,-5.605257736,75,77.7818,-1.876155659,-1.506973498,-7.581785057,6.6,-1.7195439,-61.23423931
6/1/1991,2.177000273,-22.47805288,5.8633,8.13,2.57,3.0467,2.16905024,-3.124704368,80.7,77.9094,3.106660758,3.301360764,2.283763359,6.8333,-1.75404937,48.89758894
9/1/1991,2.707921914,13.42085432,5.6433,7.94,2.56,3.1433,-1.489966854,-6.020712963,82.6,79.0829,2.016344141,1.989371383,5.691783293,6.8667,-0.011079361,12.20872712
12/1/1991,2.894880678,-1.571035009,4.8167,7.3467,2.81,3.63,-2.040751368,-5.140307722,71.9,79.0696,1.391755339,-0.20018976,0.820544891,7.1,0.082472201,16.78394012
3/1/1992,2.498430634,-58.81828703,4.0233,7.3033,3.41,4.2567,0.735870486,-2.524868646,70.8,78.7047,4.760567369,7.420119985,-0.484634611,7.3667,0.066457858,52.99835923
6/1/1992,2.647481631,42.62549793,3.77,7.3767,3.7,4.5067,-2.803539151,-3.726541009,78.9,79.7212,4.313867437,2.706153015,7.182576182,7.6,1.015185546,-29.53575148
9/1/1992,2.542054019,6.692028564,3.2567,6.6167,3.53,4.7233,-2.602456206,-1.446403794,76.1,79.9156,3.933041199,4.264853688,3.135938131,7.6333,0.967310836,10.61554638
12/1/1992,2.78209684,-25.5065786,3.0367,6.7433,3.67,4.9867,-0.6740109,-1.210197468,83.2,79.9124,4.149821489,4.739326568,4.053263836,7.3667,1.54358004,14.81648655
3/1/1993,2.378217122,-15.77762103,3.04,6.28,3.32,4.6933,-4.056880684,1.985306289,87.3,80.3378,0.667218105,1.530660042,3.641791999,7.1333,2.333970636,-20.2602903
6/1/1993,2.678740244,-4.305271312,3,5.99,3.02,4.4067,-1.113104022,1.267221176,82.5,80.1828,2.321931509,3.621945244,0.797959118,7.0667,2.141950013,32.34193585
9/1/1993,1.728847795,-44.10996149,3.06,5.6167,2.61,3.8333,0.061614288,4.375035001,77.4,79.9282,1.90408019,4.427102614,1.518133395,6.8,2.51309955,10.29296559
12/1/1993,2.30170661,-33.44691474,2.99,5.6067,2.55,3.8533,-0.930735895,8.263578757,84,80.8516,5.403929208,3.49599558,6.199909007,6.6333,2.798671812,39.45622028
3/1/1994,1.431869736,-43.7963629,3.2133,6.0667,2.82,3.9467,-0.871031028,9.529577545,93,81.2186,3.862740813,4.549129847,4.896548308,6.5667,3.061641867,-12.08495018
6/1/1994,2.225951354,70.20749082,3.94,7.0833,3.1,4.0067,-1.470993944,11.34561444,92.2,82.3527,5.38432863,3.100180192,7.238632761,6.2,3.670926469,21.18774482
9/1/1994,2.856724512,13.71948812,4.4867,7.3333,2.86,3.6867,-3.36239446,11.4523572,90.7,82.7381,2.33152996,3.038390072,5.069578492,6,3.505298175,-3.377876972
12/1/1994,1.875279596,-20.63689094,5.1667,7.8367,2.56,3.4033,-2.404393416,13.73646545,93.1,83.8445,4.556232747,4.301328038,8.023241701,5.6333,3.166475418,4.829775101
3/1/1995,1.949812681,13.45119316,5.81,7.4833,1.75,2.47,-2.338269787,13.2699267,94.3,83.8385,1.416610584,0.994343466,4.148355066,5.4667,2.991964753,-42.38582512
6/1/1995,2.324932779,18.59359987,6.02,6.62,1.02,1.64,0.500975391,11.49091785,91.7,83.0239,1.191514986,3.491382437,1.24735826,5.6667,1.47795638,-11.23383523
9/1/1995,1.628873402,-33.98987363,5.7967,6.3233,0.96,1.6367,4.975544257,10.93372747,93.2,82.6671,3.388508904,3.608633796,3.850313195,5.6667,1.701540765,37.91687265
12/1/1995,1.75715964,4.738389116,5.72,5.8933,0.63,1.2667,1.684475725,11.51389483,89.8,82.3448,2.707146699,2.780547497,3.228918628,5.5667,1.826365728,0.564838893
3/1/1996,2.216266534,32.46232103,5.3633,5.91,0.98,1.6867,1.356029286,10.25643154,90.5,81.4843,2.985034692,3.672199985,2.72489055,5.5333,1.722582817,12.04633081
6/1/1996,2.667742098,36.46133439,5.2433,6.72,1.7,2.3667,1.396423112,7.72465842,91.5,82.1105,6.616746724,4.280147664,8.520301903,5.5,2.662682974,9.471634115
9/1/1996,1.69944908,10.19341412,5.3067,6.78,1.68,2.2833,1.447569329,7.552539028,94.9,82.3092,3.572137173,2.414326092,5.177278439,5.2667,2.439924065,1.512607742
12/1/1996,2.71908495,35.90317047,5.28,6.3433,1.37,1.95,1.910831659,5.260791096,97.5,82.1348,4.13206202,3.173453158,5.469997774,5.3333,2.364488563,-23.1246477
3/1/1997,1.760681962,-33.16616835,5.2767,6.5633,1.5,2.15,3.004166377,4.522012644,99,82.5843,2.573476535,4.194306563,7.50994072,5.2333,2.491980299,4.398228844
6/1/1997,1.00263529,-56.23667557,5.5233,6.6967,1.65,2.05,3.563417622,3.299695993,103,82.5206,6.606020401,1.796709403,5.669953519,5,2.884740858,11.91927734
9/1/1997,1.051204162,-3.424770085,5.5333,6.2433,1.2,1.6367,4.199891288,4.145830726,105.8,83.0062,4.963354528,6.757607263,9.246019276,4.8667,2.290093761,-4.999487819
12/1/1997,1.257809221,1.431035165,5.5067,5.9067,0.82,1.37,4.064949399,5.066797302,105,83.5061,3.40094202,4.752486987,10.03734021,4.6667,3.150564429,19.89482588
3/1/1998,0.028283543,-90.51201825,5.52,5.5867,0.53,1.1467,6.399108118,1.920948081,107.8,82.8956,3.994995955,4.025783765,4.500452621,4.6333,2.44916084,6.902682004
6/1/1998,0.7233786,-34.65708426,5.5,5.5967,0.62,1.1367,6.09537082,10.68708712,106.9,81.5618,3.685718593,6.982391092,2.675316785,4.4,2.530725177,3.491967243
9/1/1998,1.234629781,-15.95855669,5.5333,5.2033,0.38,0.9567,4.673452241,5.0878381,103.5,80.708,5.004326031,5.182459146,3.017102565,4.5333,2.254557285,14.73478459
12/1/1998,1.051219415,-39.53656848,4.86,4.67,0.42,1.4733,8.390929346,5.408469374,100.2,80.8963,6.385544996,5.737407988,5.477780475,4.4333,2.380249436,21.71291415
3/1/1999,0.790807821,5.350170238,4.7333,4.9833,0.58,1.6867,5.573917164,7.28157443,105.9,80.73,3.740194051,4.08738289,4.429841045,4.3,2.387000426,-3.030611934
6/1/1999,2.268384273,119.7225691,4.7467,5.54,1.09,2.1867,2.832120543,6.100991082,106.2,80.5243,3.32511274,6.079184876,3.767650248,4.2667,2.535360136,-32.90861215
9/1/1999,2.194648077,81.57348172,5.0933,5.8833,1.23,2.2333,2.978742362,7.644247637,105.9,80.1534,5.268681314,4.471760309,3.59312901,4.2333,2.344516437,18.93895433
12/1/1999,2.419562688,47.04238043,5.3067,6.14,1.1,2.18,2.494648367,4.031637443,105.3,80.8206,6.509414268,5.808467363,7.050343283,4.0667,2.730617108,0.968132764
3/1/2000,3.236263608,61.65010872,5.6767,6.48,0.96,2.0367,2.271161698,4.451056397,110.1,80.6993,1.448547603,6.002953815,3.965133533,4.0333,2.351617291,1.046164956
6/1/2000,1.902079381,-1.72251325,6.2733,6.1767,0.46,1.4933,3.560242004,8.332669239,108.8,80.6889,7.219604138,3.717687539,4.890898955,3.9333,2.343932986,-17.83184425
9/1/2000,2.568940474,35.70868172,6.52,5.8933,-0.12,1.0867,1.053801443,13.45736507,107.5,79.6762,0.407522681,3.814092168,-0.274894556,4,0.7567638,-21.49152346
12/1/2000,2.251827471,2.564554181,6.4733,5.5667,-0.45,0.93,3.087861668,10.13443965,103.9,78.2274,2.381054314,3.479600721,-1.100606891,3.9,0.829783688,10.58794387
3/1/2001,2.954412917,-44.35532902,5.5933,5.05,0.23,1.4833,6.633032816,7.97430854,92.3,76.2666,-1.31334898,1.448121045,-4.945480538,4.2333,0.621210228,15.49892199
6/1/2001,1.867335062,-14.59866424,4.3267,5.27,1.61,2.8967,7.337028618,6.620093486,91,74.5315,2.490243966,0.802775296,-5.070315522,4.4,-1.083219694,6.182503295
9/1/2001,0.201639653,-19.89921644,3.4967,4.98,1.81,3.61,7.888597937,4.276392931,88.6,72.8939,-1.605775617,1.38950626,-5.52299154,4.8333,-1.220497114,-7.513887909
12/1/2001,0.164420255,-107.9670859,2.1333,4.77,2.86,4.79,9.385762988,8.095500532,85.1,71.7754,1.097594521,6.402530094,-4.404178451,5.5,-2.407503335,-7.487870274
3/1/2002,0.805212965,21.68786925,1.7333,5.0767,3.36,4.89,5.623641724,5.09486776,93.1,72.164,3.331522228,0.88957799,2.874450355,5.7,-1.284649557,37.19653527
6/1/2002,2.957918692,75.96390227,1.75,5.1,3.39,4.9633,0.02597262,4.95196973,94.1,73.0742,2.443348677,2.018206709,6.13387307,5.8333,-0.40497955,-7.498755052
9/1/2002,2.064399018,28.04102052,1.74,4.26,2.62,4.61,5.327535631,4.200350739,87.3,73.6296,1.622749619,2.789552685,2.468685793,5.7333,-0.257278068,1.495320989
12/1/2002,1.861377882,-3.523658578,1.4433,4.0067,2.67,4.8367,5.792527783,2.47291204,83.8,73.551,0.494114898,2.218649538,-0.21681067,5.8667,0.03063702,7.54814344
3/1/2003,3.047041551,75.27658114,1.25,3.92,2.76,4.7533,2.451089971,4.34249341,80,73.9609,2.101040306,1.965417887,2.500521378,5.8667,-0.45877961,1.4619541
6/1/2003,0.402461239,-66.05010719,1.2467,3.62,2.58,4.0633,8.433741752,4.97193213,89.3,73.5883,3.526892181,4.553906956,-2.991981656,6.1333,-0.712200976,4.05009474
9/1/2003,2.626667967,14.08692604,1.0167,4.2333,3.3,4.68,5.072476022,2.847882497,89.3,74.0893,6.598081034,5.616338369,2.661325644,6.1333,0.037893395,29.87664449
12/1/2003,1.962567024,10.9133367,0.9967,4.2867,3.37,4.66,-1.881444562,2.289932622,92,74.9516,4.616146819,2.744373496,3.851192306,5.8333,0.94105636,29.76916705
3/1/2004,3.072660314,46.82256891,1.0033,4.02,3.1,4.4533,-0.268339055,3.182272457,98,75.5274,2.260208096,3.71220027,2.83023423,5.7,1.229240127,-23.74665833
6/1/2004,2.682543334,31.16152787,1.01,4.6,3.52,4.9167,5.3007745,2.035559247,93.3,76.2226,3.087859968,2.176651426,2.272023547,5.6,2.222402768,3.942281482
9/1/2004,1.960161587,52.469195,1.4333,4.3033,2.82,4.21,1.877943108,3.514885009,95.6,76.9769,3.776491954,4.671089708,2.24210455,5.4333,0.992429571,8.107241742
12/1/2004,3.406098239,36.52615218,1.95,4.1733,2.17,3.5367,0.95759689,4.736041732,93.9,77.8678,4.060156528,4.499030197,5.651140893,5.4333,1.69387535,-2.367477972
3/1/2005,2.318818412,8.501925388,2.47,4.2967,1.76,2.85,0.219122802,1.764405759,94.1,78.7757,4.413020212,2.533622763,5.537106613,5.3,1.408109322,21.07664125
6/1/2005,2.516164279,24.0487132,2.9433,4.16,1.3,2.2033,0.079656697,3.091912524,90.2,78.8558,1.965660123,4.408404677,2.242633402,5.1,2.188674224,-3.945392161
9/1/2005,4.297711003,67.74896671,3.46,4.2133,0.85,1.6333,-0.334648042,3.35208106,87.5,78.2584,3.12303268,3.305075841,-1.702158412,4.9667,2.18965584,9.378949099
12/1/2005,3.17161225,-22.43263591,3.98,4.49,0.66,1.4,1.563271132,0.589913065,82.4,78.9475,2.215916949,0.736609043,3.634778157,4.9667,1.428436835,-6.013220503
3/1/2006,2.071822868,19.17496296,4.4567,4.57,0.18,0.9333,3.12014988,13.53346003,88.9,79.2603,5.345655379,4.338213471,3.780444845,4.7333,2.357662717,9.867599934
6/1/2006,3.495759736,39.77699001,4.9067,5.07,0.37,0.9867,0.69269932,0.871250946,83.8,78.9944,1.0336743,2.068431646,2.358525887,4.6333,1.567677883,-53.4754389
9/1/2006,2.868005459,-2.600689672,5.2467,4.8967,-0.01,0.4333,2.043524529,0.339123039,84,78.7691,0.599374416,2.560461161,1.582133192,4.6333,1.23002929,-34.35394266
12/1/2006,-0.659661837,-65.32542988,5.2467,4.63,-0.27,0.14,8.289794033,2.7399151,92.5,78.5792,3.423110226,3.79755289,0.976212368,4.4333,1.07646483,-32.36968802
3/1/2007,3.638117077,-16.0516546,5.2567,4.68,-0.3,0.1067,1.770325084,1.895098644,92.2,78.905,1.201536247,2.459482536,4.048470923,4.5,1.607831595,-28.69055248
6/1/2007,3.38296931,42.8486589,5.25,4.8467,0.11,0.3267,2.202898074,4.254510135,86.9,79.3468,2.439593166,1.048259592,4.602336574,4.5,1.059610959,-2.838505706
9/1/2007,2.254880752,58.11013551,5.0733,4.73,0.43,0.68,3.731222886,4.922110996,85.7,78.8336,2.297492444,2.659513604,0.36512292,4.6667,0.242493145,-47.35449998
12/1/2007,4.043448411,71.28312984,4.4967,4.26,0.87,1.0333,-0.575536956,4.291162533,77.5,78.7449,2.505086205,1.573199074,1.315687983,4.8,0.680320686,-40.11505441
3/1/2008,3.24359252,27.98876207,3.1767,3.6633,1.62,2.28,3.228076483,3.500950444,72.9,78.2589,-1.710710236,-0.548843358,-0.996871558,5,0.107972786,-36.6174788
6/1/2008,3.876727948,92.50175695,2.0867,3.8867,2.26,3.5133,1.643370829,2.220883806,59.6,76.6998,2.374650373,1.100741667,-6.089825999,5.3333,-1.340154531,-20.57007153
9/1/2008,4.243173111,-21.72959882,1.94,3.8633,2.37,3.7133,-1.199263468,-1.629971128,64.8,74.0812,-2.106569521,-3.094850564,-13.43724266,6,-2.051738946,-63.48945449
12/1/2008,-6.435821118,-281.2571767,0.5067,3.2533,2.96,5.31,21.7303369,-1.138696066,57.7,69.8631,-8.853365096,-3.616074754,-17.48545466,6.8667,-4.681812628,-105.1467459
3/1/2009,-2.712457134,-122.5849059,0.1833,2.7367,2.52,5.09,15.48088241,-2.394916427,58.3,65.3042,-4.565452544,-1.017064143,-23.22541262,8.2667,-6.740801896,-92.84305139
6/1/2009,1.58901931,128.9795218,0.18,3.3133,3.14,5.3333,2.729973266,-6.188262136,68.2,63.7801,-0.715242887,-1.971200157,-11.23334652,9.3,-5.63204447,6.540975941
9/1/2009,2.746614121,52.92879959,0.1567,3.5167,3.36,5.11,-2.030461213,-4.905342372,68.4,65.4004,1.402308619,2.680908937,6.675320653,9.6333,-2.968154573,38.50952899
12/1/2009,3.075356543,41.18058859,0.12,3.46,3.4,5.08,-1.097351177,-6.613591044,70.2,66.7808,4.300454152,-0.440915443,6.194672571,9.9333,-1.487761257,-14.30366933
3/1/2010,1.542164159,11.86503203,0.1333,3.7167,3.61,5.16,-0.452722147,-4.503280161,73.9,68.1506,1.933324088,2.311473784,7.61584432,9.8333,-0.570768633,33.9816027
6/1/2010,0.620519366,-4.820209832,0.1933,3.49,3.34,4.85,4.248331217,-3.036852931,73.9,70.1991,3.851739929,3.571069843,7.714875839,9.6333,1.947114077,-10.49240486
9/1/2010,0.765457323,-9.577555307,0.1867,2.7867,2.63,4.3933,2.750467358,-1.104345327,68.3,71.3074,3.072509082,2.843670319,5.272734817,9.4667,-0.101221173,-15.12166485
12/1/2010,2.555637687,42.74495217,0.1867,2.8633,2.73,4.67,1.869836532,6.305362132,71.3,71.9403,2.094945458,2.444185386,1.669671434,9.5,1.048798453,-26.62901044
3/1/2011,3.3460188,38.27252276,0.1567,3.46,3.33,4.9733,0.878470344,12.77442283,73.1,72.7302,-0.949946694,1.525093602,2.143256183,9.0333,0.993156646,28.46488285
6/1/2011,3.913929793,32.65098664,0.0933,3.21,3.16,4.9433,4.195929344,0.850119267,71.9,72.8217,2.697214987,0.411369731,1.590347252,9.0667,2.087251653,-5.533229761
9/1/2011,1.84610747,-55.3483839,0.0833,2.4267,2.4,4.38,13.18382621,2.608843445,59.7,73.5522,-0.089260902,1.215464916,4.43590008,9,1.242905456,30.17347483
12/1/2011,1.32017565,17.47206794,0.0733,2.0467,2.03,3.8533,4.858781954,2.68997501,64.8,74.0908,4.467158725,0.689462395,4.097312592,8.6333,1.680359484,32.44746338
3/1/2012,2.640104696,33.39428729,0.1033,2.0367,1.97,3.7933,4.80357366,2.715142249,75.5,74.8419,3.340376728,2.874729638,3.929335685,8.2667,2.374066612,20.69589922
6/1/2012,0.96383031,-39.98681478,0.1533,1.8233,1.74,3.6467,5.329444743,3.629523759,76.3,74.6922,1.781366507,0.701898739,2.473033188,8.2,1.265408879,17.69874031
9/1/2012,1.160304864,-6.404066838,0.1433,1.6433,1.54,3.3133,5.664568056,4.149961623,75,74.245,0.575697506,0.810337392,-0.028749706,8.0333,1.234621039,21.58892078
12/1/2012,2.239083229,-19.98064462,0.16,1.7067,1.62,3.38,6.329899023,4.496067904,79.4,74.2569,0.462294966,1.590924895,1.996062828,7.8,1.540408675,60.609297
3/1/2013,1.397802928,25.5977409,0.1433,1.95,1.86,3.7333,4.496526327,5.278686574,76.7,74.6178,3.926903706,2.592329758,3.034356499,7.7333,1.897771561,19.48808063
6/1/2013,0.205271072,-1.688003294,0.1167,1.9967,1.95,3.8467,4.716992012,4.00977489,81.7,74.5849,1.069115306,1.141490348,1.808899454,7.5333,1.724237848,-37.50914621
9/1/2013,1.642558301,44.87599077,0.0833,2.71,2.68,4.4233,3.366853137,4.122247785,81.6,74.6289,3.391158621,1.622923253,1.617827701,7.2333,1.575349944,6.551264448
12/1/2013,1.469648553,-35.12161788,0.0867,2.7467,2.68,4.5067,6.278264444,4.345120243,76.9,74.9902,3.471856095,3.50733303,2.70722036,6.9333,1.822814588,53.65805783
3/1/2014,1.832602324,4.449440123,0.0733,2.7633,2.72,4.3667,3.71175995,5.947687912,80.9,74.8794,-1.38277126,1.436494353,2.712824764,6.6667,1.48172041,-30.89543285
6/1/2014,1.78718213,16.47083126,0.0933,2.6233,2.59,4.1233,3.287403073,5.766515246,82.8,75.8956,5.134276092,3.824042096,5.468132558,6.2,2.316284599,22.07744048
9/1/2014,1.089846091,-23.63013135,0.09,2.4967,2.47,4.0267,3.990179819,5.526500244,83,76.3589,4.83225933,3.934142148,2.24464064,6.0667,2.156530885,17.31644558
12/1/2014,-0.530157943,-117.0865145,0.1,2.28,2.26,3.7767,6.691649346,3.920747885,89.8,76.6679,2.017834406,4.583025683,2.333877184,5.7,2.239207141,7.179654289
3/1/2015,-1.797070423,-164.8085763,0.11,1.9667,1.94,3.46,10.54416898,5.37871606,95.5,76.2608,3.585819151,3.057360321,-4.484608802,5.5333,1.962573174,-28.56945482
6/1/2015,1.990310121,68.37028104,0.1233,2.1667,2.15,3.7733,0.752994857,5.692994517,94.2,76.3721,2.469978633,2.743678093,-5.599731748,5.4333,2.007654449,67.98520244
9/1/2015,1.038604421,-89.31062071,0.1367,2.22,2.18,3.95,2.809207172,5.900925684,90.7,76.6448,1.597784846,2.806496614,0.247103459,5.1,1.831617734,2.982531699
12/1/2015,-0.307605562,-41.45772031,0.16,2.19,2.07,3.8333,6.308839066,-0.167332792,91.3,76.14,0.737236691,1.623610393,-5.454569187,5.0333,1.939981928,-14.42857998
3/1/2016,0.196894809,-95.5042599,0.36,1.92,1.63,3.5667,9.265405692,-5.119183427,91.6,75.9437,2.311386607,3.008477332,-2.70787986,4.9,1.690845995,6.114193118
6/1/2016,2.53047677,123.2583151,0.3733,1.7533,1.5,3.2167,3.181470458,5.084225235,92.4,75.6043,1.282438265,1.979204225,-1.434756231,4.9333,1.505024022,9.91117256
9/1/2016,1.379080251,-6.633969688,0.3967,1.5633,1.27,2.94,4.306078655,5.084094176,90.3,75.5044,2.827543676,2.772847606,1.05335961,4.9,2.076559043,-4.119029651
12/1/2016,1.827366012,35.13008096,0.45,2.13,1.7,3.36,3.765395123,4.624228332,93.1,75.5962,2.211074114,2.057247188,-0.181513759,4.7667,1.386977428,25.29034863
3/1/2017,2.325787145,19.01300927,0.7,2.4433,1.85,3.26,3.047336142,3.727245631,97.2,75.7258,1.942834932,3.063689953,0.259280162,4.5667,1.638298847,-5.87286243
6/1/2017,0.803019622,-29.54101824,0.95,2.2633,1.37,2.85,4.328242334,3.467729186,96.4,76.5568,2.233244405,1.978855268,5.638093141,4.3667,1.54418147,-10.99611102
9/1/2017,1.409410868,-1.871585196,1.1533,2.2433,1.21,2.5,2.339307203,3.610890218,95.1,76.4528,3.141726103,2.701900265,-1.386462392,4.3333,1.419358437,-0.676246991
12/1/2017,2.391016923,53.97408078,1.2033,2.37,1.16,2.3567,1.273056329,4.115010632,98.4,77.5296,4.482971108,4.347770817,5.648439014,4.1667,1.221646364,17.7610974
3/1/2018,2.787357361,48.42327573,1.4467,2.76,1.2,2.3,-0.403212633,2.454674222,98.9,77.8576,3.24047782,2.885981887,2.213891491,4.0333,1.758839816,19.68558232
6/1/2018,2.093545105,29.31332012,1.7367,2.92,1.08,2.2,1.403528736,1.256509567,98.3,78.4641,2.117684922,2.135959828,4.622910859,3.9333,1.911666738,-7.151375869
9/1/2018,1.340087262,8.737066057,1.9233,2.9267,0.89,1.9867,2.303105529,3.549362313,98.1,78.8582,2.48704193,1.839302306,3.296691673,3.7667,1.374839401,-8.347934625
12/1/2018,1.514916694,-68.24613678,2.22,3.0333,0.72,1.9067,1.348179554,3.068822805,98.1,78.5699,0.566175993,1.247727892,0.601630347,3.8333,1.155465538,-27.51325762
3/1/2019,0.8136533,-31.56667444,2.4033,2.6533,0.27,1.43,4.201807739,3.172842885,94.5,77.6783,2.489509163,0.633106566,-3.82142665,3.8667,1.304913145,4.662432318
6/1/2019,2.230016878,32.97899174,2.3967,2.3333,0.03,1.1967,1.875573264,2.487208639,98.5,77.1331,3.326711173,3.397975043,-2.318783858,3.6333,1.448467397,29.41700928
9/1/2019,0.961849996,-25.02724502,2.19,1.7967,-0.18,0.91,6.258497855,3.466561339,93.8,77.068,4.652841032,4.515219738,0.01601349,3.6,1.253638419,12.20681226
12/1/2019,1.571060655,2.717766233,1.6433,1.7933,0.22,1.3833,5.788305084,2.517857441,97.2,76.7678,2.718254387,2.615262631,-2.04631867,3.6,1.277859375,29.45392861
3/1/2020,1.388783717,-89.33057208,1.26,1.3767,0.27,1.66,7.949098256,-1.537772201,96.6,75.8776,-5.300247883,-6.803627157,-6.682454754,3.8333,0.259300403,15.77562837
6/1/2020,-1.642507896,-198.6368785,0.06,0.6867,0.54,2.3967,52.99965499,-6.630664008,74.1,65.8888,-32.81728242,-36.20450665,-54.43519801,13,-50.59135825,-121.9252482
9/1/2020,3.13333531,151.4525573,0.0933,0.65,0.54,2.1433,12.15254304,-0.94876912,75.7,73.6319,29.90299854,34.08637885,35.65139915,8.8,20.13501937,121.8342551
12/1/2020,2.032315841,13.12894042,0.09,0.8633,0.77,2.2133,8.574690178,0.071625458,79.8,75.4051,4.508555863,5.39744344,6.71800113,6.7667,5.55198267,26.83799954
3/1/2021,4.52216805,119.9428771,0.08,1.3167,1.27,2.65,9.296559394,0.01350416,80.2,75.592,5.544658614,8.990207632,1.137975009,6.2333,2.647970049,2.545077461
6/1/2021,6.023834338,48.01416598,0.07,1.5933,1.57,2.8133,7.913663749,4.133277968,85.6,76.9044,6.750285417,13.73925967,6.313111146,5.9333,4.517097788,0.338114979
9/1/2021,5.402236915,21.91489302,0.09,1.3233,1.28,2.46,2.399502039,8.806418609,74.8,77.6593,3.286671657,3.312290722,2.598561742,5.0667,5.69648063,2.862559079
12/1/2021,6.616803754,31.81504773,0.08,1.5367,1.48,2.5667,1.115906972,0.477688837,69.9,78.7765,6.804809236,3.826003011,4.935860672,4.2,5.252905522,19.48412168
3/1/2022,7.457584073,73.21017641,0.12,1.94,1.63,3.0833,-2.082395519,0.520708777,63.1,79.3303,-1.020495165,0.370693904,3.833792473,3.8333,4.153038643,11.26611546
6/1/2022,7.245006996,51.60759566,0.77,2.93,1.85,3.2833,-8.864260444,4.215343144,57.9,79.7719,0.62569838,3.258218363,3.850268073,3.6333,3.232178869,-19.66368661
9/1/2022,4.5666836,-66.50900168,2.19,3.1067,0.44,2.0533,-7.225033965,2.260208826,56.1,79.6392,2.87722533,1.873412776,1.374547795,3.5333,3.452514882,-43.21548858
12/1/2022,4.048307661,-51.99676166,3.6533,3.83,-0.21,1.17,-8.802997384,2.539704942,58.8,78.8465,2.75147654,0.794721037,-1.781764353,3.5667,2.264761625,-21.76328448
3/1/2023,3.813338409,-38.44929381,4.5167,3.6467,-0.98,0.0033,-8.215768467,-0.250029575,64.6,78.6904,2.88497468,4.399654738,-0.018678896,3.5333,2.22362709,-2.890185984
6/1/2023,2.946175709,-16.24480518,4.99,3.5933,-1.48,-0.39,-9.024459494,-0.341415685,62.3,78.4086,2.503636219,1.493489241,0.290202659,3.5333,1.575263226,20.90871431
9/1/2023,2.683382854,41.37141351,5.26,4.15,-1.14,-0.3467,-3.906669005,-0.71738682,69.6,78.0776,4.588010958,3.02796346,1.15134253,3.6667,1.417147626,-19.84654351
12/1/2023,1.804204341,-21.38609503,5.33,4.44,-0.84,-0.12,-3.752574775,0.126661796,64.9,77.559,3.362059611,2.995689082,-1.787262194,3.8,1.348335207,23.863934
3/1/2024,3.525464321,-8.350165884,5.33,4.16,-1.07,-0.36,-0.749190542,-1.569658627,78.4,77.1461,0.838565766,1.718613459,-1.779243243,3.8333,1.465899885,-14.61773189
6/1/2024,2.559035843,18.07365476,5.33,4.4433,-0.8,-0.11,0.212779057,-1.796351088,71.5,77.1476,3.526355417,3.814165762,2.420218191,4,1.30425477,-20.98872803
9/1/2024,1.685139086,-30.02206149,5.2633,3.9467,-1.04,-0.3733,2.151226402,-0.079514538,68.2,76.7489,3.28558126,3.882026672,-0.591123432,4.1667,0.855060831,-1.492353391
12/1/2024,2.487208023,-32.97494372,4.65,4.2833,-0.12,0.4433,0.985500961,-4.699999425,72.1,76.1668,1.835281971,3.819984905,-1.203232471,4.1333,1.286318373,14.48652552
